CSFSP80053Index,CSFSubcategoryID,SP80053ControlDetailID
1,DE.AE-1,AC-4
2,DE.AE-1,AC-4 (1)
3,DE.AE-1,AC-4 (10)
4,DE.AE-1,AC-4 (11)
5,DE.AE-1,AC-4 (12)
6,DE.AE-1,AC-4 (13)
7,DE.AE-1,AC-4 (14)
8,DE.AE-1,AC-4 (15)
9,DE.AE-1,AC-4 (17)
10,DE.AE-1,AC-4 (18)
11,DE.AE-1,AC-4 (19)
12,DE.AE-1,AC-4 (2)
13,DE.AE-1,AC-4 (20)
14,DE.AE-1,AC-4 (21)
15,DE.AE-1,AC-4 (22)
16,DE.AE-1,AC-4 (3)
17,DE.AE-1,AC-4 (4)
18,DE.AE-1,AC-4 (5)
19,DE.AE-1,AC-4 (6)
20,DE.AE-1,AC-4 (7)
21,DE.AE-1,AC-4 (8)
22,DE.AE-1,AC-4 (9)
24,DE.AE-1,CA-3 (1)
25,DE.AE-1,CA-3 (2)
26,DE.AE-1,CA-3 (3)
27,DE.AE-1,CA-3 (4)
28,DE.AE-1,CA-3 (5)
29,DE.AE-1,CA-3a
30,DE.AE-1,CA-3b
31,DE.AE-1,CA-3c
32,DE.AE-1,CM-2
33,DE.AE-1,CM-2 (1)(a)
34,DE.AE-1,CM-2 (1)(b)
35,DE.AE-1,CM-2 (1)(c)
36,DE.AE-1,CM-2 (2)
37,DE.AE-1,CM-2 (3)
38,DE.AE-1,CM-2 (6)
39,DE.AE-1,CM-2 (7)(a)
40,DE.AE-1,CM-2 (7)(b)
42,DE.AE-1,SI-4 (1)
43,DE.AE-1,SI-4 (10)
44,DE.AE-1,SI-4 (11)
45,DE.AE-1,SI-4 (12)
46,DE.AE-1,SI-4 (13)(a)
47,DE.AE-1,SI-4 (13)(b)
48,DE.AE-1,SI-4 (13)(c)
49,DE.AE-1,SI-4 (14)
50,DE.AE-1,SI-4 (15)
51,DE.AE-1,SI-4 (16)
52,DE.AE-1,SI-4 (17)
53,DE.AE-1,SI-4 (18)
54,DE.AE-1,SI-4 (19)
55,DE.AE-1,SI-4 (2)
56,DE.AE-1,SI-4 (20)
57,DE.AE-1,SI-4 (21)
58,DE.AE-1,SI-4 (22)
59,DE.AE-1,SI-4 (23)
60,DE.AE-1,SI-4 (24)
61,DE.AE-1,SI-4 (3)
62,DE.AE-1,SI-4 (4)
63,DE.AE-1,SI-4 (5)
64,DE.AE-1,SI-4 (7)
65,DE.AE-1,SI-4 (9)
66,DE.AE-1,SI-4a.1
67,DE.AE-1,SI-4a.2
68,DE.AE-1,SI-4b
69,DE.AE-1,SI-4c.1
70,DE.AE-1,SI-4c.2
71,DE.AE-1,SI-4d
72,DE.AE-1,SI-4e
73,DE.AE-1,SI-4f
74,DE.AE-1,SI-4g
76,DE.AE-2,AU-6 (1)
77,DE.AE-2,AU-6 (10)
78,DE.AE-2,AU-6 (3)
79,DE.AE-2,AU-6 (4)
80,DE.AE-2,AU-6 (5)
81,DE.AE-2,AU-6 (6)
82,DE.AE-2,AU-6 (7)
83,DE.AE-2,AU-6 (8)
84,DE.AE-2,AU-6 (9)
85,DE.AE-2,AU-6a
86,DE.AE-2,AU-6b
88,DE.AE-2,CA-7 (1)
89,DE.AE-2,CA-7 (3)
90,DE.AE-2,CA-7a
91,DE.AE-2,CA-7b
92,DE.AE-2,CA-7c
93,DE.AE-2,CA-7d
94,DE.AE-2,CA-7e
95,DE.AE-2,CA-7f
96,DE.AE-2,CA-7g
98,DE.AE-2,IR-4 (1)
99,DE.AE-2,IR-4 (10)
100,DE.AE-2,IR-4 (2)
101,DE.AE-2,IR-4 (3)
102,DE.AE-2,IR-4 (4)
103,DE.AE-2,IR-4 (5)
104,DE.AE-2,IR-4 (6)
105,DE.AE-2,IR-4 (7)
106,DE.AE-2,IR-4 (8)
107,DE.AE-2,IR-4 (9)
108,DE.AE-2,IR-4a
109,DE.AE-2,IR-4b
110,DE.AE-2,IR-4c
112,DE.AE-2,SI-4 (1)
113,DE.AE-2,SI-4 (10)
114,DE.AE-2,SI-4 (11)
115,DE.AE-2,SI-4 (12)
116,DE.AE-2,SI-4 (13)(a)
117,DE.AE-2,SI-4 (13)(b)
118,DE.AE-2,SI-4 (13)(c)
119,DE.AE-2,SI-4 (14)
120,DE.AE-2,SI-4 (15)
121,DE.AE-2,SI-4 (16)
122,DE.AE-2,SI-4 (17)
123,DE.AE-2,SI-4 (18)
124,DE.AE-2,SI-4 (19)
125,DE.AE-2,SI-4 (2)
126,DE.AE-2,SI-4 (20)
127,DE.AE-2,SI-4 (21)
128,DE.AE-2,SI-4 (22)
129,DE.AE-2,SI-4 (23)
130,DE.AE-2,SI-4 (24)
131,DE.AE-2,SI-4 (3)
132,DE.AE-2,SI-4 (4)
133,DE.AE-2,SI-4 (5)
134,DE.AE-2,SI-4 (7)
135,DE.AE-2,SI-4 (9)
136,DE.AE-2,SI-4a.1
137,DE.AE-2,SI-4a.2
138,DE.AE-2,SI-4b
139,DE.AE-2,SI-4c.1
140,DE.AE-2,SI-4c.2
141,DE.AE-2,SI-4d
142,DE.AE-2,SI-4e
143,DE.AE-2,SI-4f
144,DE.AE-2,SI-4g
146,DE.AE-3,AU-6 (1)
147,DE.AE-3,AU-6 (10)
148,DE.AE-3,AU-6 (3)
149,DE.AE-3,AU-6 (4)
150,DE.AE-3,AU-6 (5)
151,DE.AE-3,AU-6 (6)
152,DE.AE-3,AU-6 (7)
153,DE.AE-3,AU-6 (8)
154,DE.AE-3,AU-6 (9)
155,DE.AE-3,AU-6a
156,DE.AE-3,AU-6b
158,DE.AE-3,CA-7 (1)
159,DE.AE-3,CA-7 (3)
160,DE.AE-3,CA-7a
161,DE.AE-3,CA-7b
162,DE.AE-3,CA-7c
163,DE.AE-3,CA-7d
164,DE.AE-3,CA-7e
165,DE.AE-3,CA-7f
166,DE.AE-3,CA-7g
168,DE.AE-3,IR-4 (1)
169,DE.AE-3,IR-4 (10)
170,DE.AE-3,IR-4 (2)
171,DE.AE-3,IR-4 (3)
172,DE.AE-3,IR-4 (4)
173,DE.AE-3,IR-4 (5)
174,DE.AE-3,IR-4 (6)
175,DE.AE-3,IR-4 (7)
176,DE.AE-3,IR-4 (8)
177,DE.AE-3,IR-4 (9)
178,DE.AE-3,IR-4a
179,DE.AE-3,IR-4b
180,DE.AE-3,IR-4c
181,DE.AE-3,IR-5
182,DE.AE-3,IR-5 (1)
184,DE.AE-3,SI-4 (1)
185,DE.AE-3,SI-4 (10)
186,DE.AE-3,SI-4 (11)
187,DE.AE-3,SI-4 (12)
188,DE.AE-3,SI-4 (13)(a)
189,DE.AE-3,SI-4 (13)(b)
190,DE.AE-3,SI-4 (13)(c)
191,DE.AE-3,SI-4 (14)
192,DE.AE-3,SI-4 (15)
193,DE.AE-3,SI-4 (16)
194,DE.AE-3,SI-4 (17)
195,DE.AE-3,SI-4 (18)
196,DE.AE-3,SI-4 (19)
197,DE.AE-3,SI-4 (2)
198,DE.AE-3,SI-4 (20)
199,DE.AE-3,SI-4 (21)
200,DE.AE-3,SI-4 (22)
201,DE.AE-3,SI-4 (23)
202,DE.AE-3,SI-4 (24)
203,DE.AE-3,SI-4 (3)
204,DE.AE-3,SI-4 (4)
205,DE.AE-3,SI-4 (5)
206,DE.AE-3,SI-4 (7)
207,DE.AE-3,SI-4 (9)
208,DE.AE-3,SI-4a.1
209,DE.AE-3,SI-4a.2
210,DE.AE-3,SI-4b
211,DE.AE-3,SI-4c.1
212,DE.AE-3,SI-4c.2
213,DE.AE-3,SI-4d
214,DE.AE-3,SI-4e
215,DE.AE-3,SI-4f
216,DE.AE-3,SI-4g
218,DE.AE-4,CP-2 (1)
219,DE.AE-4,CP-2 (2)
220,DE.AE-4,CP-2 (3)
221,DE.AE-4,CP-2 (4)
222,DE.AE-4,CP-2 (5)
223,DE.AE-4,CP-2 (6)
224,DE.AE-4,CP-2 (7)
225,DE.AE-4,CP-2 (8)
226,DE.AE-4,CP-2a.1
227,DE.AE-4,CP-2a.2
228,DE.AE-4,CP-2a.3
229,DE.AE-4,CP-2a.4
230,DE.AE-4,CP-2a.5
231,DE.AE-4,CP-2a.6
232,DE.AE-4,CP-2b
233,DE.AE-4,CP-2c
234,DE.AE-4,CP-2d
235,DE.AE-4,CP-2e
236,DE.AE-4,CP-2f
237,DE.AE-4,CP-2g
239,DE.AE-4,IR-4 (1)
240,DE.AE-4,IR-4 (10)
241,DE.AE-4,IR-4 (2)
242,DE.AE-4,IR-4 (3)
243,DE.AE-4,IR-4 (4)
244,DE.AE-4,IR-4 (5)
245,DE.AE-4,IR-4 (6)
246,DE.AE-4,IR-4 (7)
247,DE.AE-4,IR-4 (8)
248,DE.AE-4,IR-4 (9)
249,DE.AE-4,IR-4a
250,DE.AE-4,IR-4b
251,DE.AE-4,IR-4c
253,DE.AE-4,RA-3a
254,DE.AE-4,RA-3b
255,DE.AE-4,RA-3c
256,DE.AE-4,RA-3d
257,DE.AE-4,RA-3e
259,DE.AE-4,SI-4 (1)
260,DE.AE-4,SI-4 (10)
261,DE.AE-4,SI-4 (11)
262,DE.AE-4,SI-4 (12)
263,DE.AE-4,SI-4 (13)(a)
264,DE.AE-4,SI-4 (13)(b)
265,DE.AE-4,SI-4 (13)(c)
266,DE.AE-4,SI-4 (14)
267,DE.AE-4,SI-4 (15)
268,DE.AE-4,SI-4 (16)
269,DE.AE-4,SI-4 (17)
270,DE.AE-4,SI-4 (18)
271,DE.AE-4,SI-4 (19)
272,DE.AE-4,SI-4 (2)
273,DE.AE-4,SI-4 (20)
274,DE.AE-4,SI-4 (21)
275,DE.AE-4,SI-4 (22)
276,DE.AE-4,SI-4 (23)
277,DE.AE-4,SI-4 (24)
278,DE.AE-4,SI-4 (3)
279,DE.AE-4,SI-4 (4)
280,DE.AE-4,SI-4 (5)
281,DE.AE-4,SI-4 (7)
282,DE.AE-4,SI-4 (9)
283,DE.AE-4,SI-4a.1
284,DE.AE-4,SI-4a.2
285,DE.AE-4,SI-4b
286,DE.AE-4,SI-4c.1
287,DE.AE-4,SI-4c.2
288,DE.AE-4,SI-4d
289,DE.AE-4,SI-4e
290,DE.AE-4,SI-4f
291,DE.AE-4,SI-4g
293,DE.AE-5,IR-4 (1)
294,DE.AE-5,IR-4 (10)
295,DE.AE-5,IR-4 (2)
296,DE.AE-5,IR-4 (3)
297,DE.AE-5,IR-4 (4)
298,DE.AE-5,IR-4 (5)
299,DE.AE-5,IR-4 (6)
300,DE.AE-5,IR-4 (7)
301,DE.AE-5,IR-4 (8)
302,DE.AE-5,IR-4 (9)
303,DE.AE-5,IR-4a
304,DE.AE-5,IR-4b
305,DE.AE-5,IR-4c
306,DE.AE-5,IR-5
307,DE.AE-5,IR-5 (1)
309,DE.AE-5,IR-8a.1
310,DE.AE-5,IR-8a.2
311,DE.AE-5,IR-8a.3
312,DE.AE-5,IR-8a.4
313,DE.AE-5,IR-8a.5
314,DE.AE-5,IR-8a.6
315,DE.AE-5,IR-8a.7
316,DE.AE-5,IR-8a.8
317,DE.AE-5,IR-8b
318,DE.AE-5,IR-8c
319,DE.AE-5,IR-8d
320,DE.AE-5,IR-8e
321,DE.AE-5,IR-8f
323,DE.CM-1,AC-2 (1)
324,DE.CM-1,AC-2 (10)
325,DE.CM-1,AC-2 (11)
326,DE.CM-1,AC-2 (12)(a)
327,DE.CM-1,AC-2 (12)(b)
328,DE.CM-1,AC-2 (13)
329,DE.CM-1,AC-2 (2)
330,DE.CM-1,AC-2 (3)
331,DE.CM-1,AC-2 (4)
332,DE.CM-1,AC-2 (5)
333,DE.CM-1,AC-2 (6)
334,DE.CM-1,AC-2 (7)(a)
335,DE.CM-1,AC-2 (7)(b)
336,DE.CM-1,AC-2 (7)(c)
337,DE.CM-1,AC-2 (8)
338,DE.CM-1,AC-2 (9)
339,DE.CM-1,AC-2a.
340,DE.CM-1,AC-2b.
341,DE.CM-1,AC-2c.
342,DE.CM-1,AC-2d.
343,DE.CM-1,AC-2e.
344,DE.CM-1,AC-2f.
345,DE.CM-1,AC-2g.
346,DE.CM-1,AC-2h.1.
347,DE.CM-1,AC-2h.2.
348,DE.CM-1,AC-2h.3.
349,DE.CM-1,AC-2i.1.
350,DE.CM-1,AC-2i.2.
351,DE.CM-1,AC-2i.3.
352,DE.CM-1,AC-2j.
353,DE.CM-1,AC-2k.
355,DE.CM-1,AU-12 (1)
356,DE.CM-1,AU-12 (2)
357,DE.CM-1,AU-12 (3)
358,DE.CM-1,AU-12a
359,DE.CM-1,AU-12b
360,DE.CM-1,AU-12c
362,DE.CM-1,CA-7 (1)
363,DE.CM-1,CA-7 (3)
364,DE.CM-1,CA-7a
365,DE.CM-1,CA-7b
366,DE.CM-1,CA-7c
367,DE.CM-1,CA-7d
368,DE.CM-1,CA-7e
369,DE.CM-1,CA-7f
370,DE.CM-1,CA-7g
372,DE.CM-1,CM-3 (1)
373,DE.CM-1,CM-3 (1)(a)
374,DE.CM-1,CM-3 (1)(b)
375,DE.CM-1,CM-3 (1)(c)
376,DE.CM-1,CM-3 (1)(d)
377,DE.CM-1,CM-3 (1)(e)
378,DE.CM-1,CM-3 (1)(f)
379,DE.CM-1,CM-3 (2)
380,DE.CM-1,CM-3 (3)
381,DE.CM-1,CM-3 (4)
382,DE.CM-1,CM-3 (5)
383,DE.CM-1,CM-3 (6)
384,DE.CM-1,CM-3a
385,DE.CM-1,CM-3b
386,DE.CM-1,CM-3c
387,DE.CM-1,CM-3d
388,DE.CM-1,CM-3e
389,DE.CM-1,CM-3f
390,DE.CM-1,CM-3g
391,DE.CM-1,SC-5
392,DE.CM-1,SC-5 (1)
393,DE.CM-1,SC-5 (2)
394,DE.CM-1,SC-5 (3)(a)
395,DE.CM-1,SC-5 (3)(b)
397,DE.CM-1,SC-7 (10)
398,DE.CM-1,SC-7 (11)
399,DE.CM-1,SC-7 (12)
400,DE.CM-1,SC-7 (13)
401,DE.CM-1,SC-7 (14)
402,DE.CM-1,SC-7 (15)
403,DE.CM-1,SC-7 (16)
404,DE.CM-1,SC-7 (17)
405,DE.CM-1,SC-7 (18)
406,DE.CM-1,SC-7 (19)
407,DE.CM-1,SC-7 (20)
408,DE.CM-1,SC-7 (21)
409,DE.CM-1,SC-7 (22)
410,DE.CM-1,SC-7 (23)
411,DE.CM-1,SC-7 (3)
412,DE.CM-1,SC-7 (4)(a)
413,DE.CM-1,SC-7 (4)(b)
414,DE.CM-1,SC-7 (4)(c)
415,DE.CM-1,SC-7 (4)(d)
416,DE.CM-1,SC-7 (4)(e)
417,DE.CM-1,SC-7 (5)
418,DE.CM-1,SC-7 (7)
419,DE.CM-1,SC-7 (8)
420,DE.CM-1,SC-7 (9)(a)
421,DE.CM-1,SC-7 (9)(b)
422,DE.CM-1,SC-7a
423,DE.CM-1,SC-7b
424,DE.CM-1,SC-7c
426,DE.CM-1,SI-4 (1)
427,DE.CM-1,SI-4 (10)
428,DE.CM-1,SI-4 (11)
429,DE.CM-1,SI-4 (12)
430,DE.CM-1,SI-4 (13)(a)
431,DE.CM-1,SI-4 (13)(b)
432,DE.CM-1,SI-4 (13)(c)
433,DE.CM-1,SI-4 (14)
434,DE.CM-1,SI-4 (15)
435,DE.CM-1,SI-4 (16)
436,DE.CM-1,SI-4 (17)
437,DE.CM-1,SI-4 (18)
438,DE.CM-1,SI-4 (19)
439,DE.CM-1,SI-4 (2)
440,DE.CM-1,SI-4 (20)
441,DE.CM-1,SI-4 (21)
442,DE.CM-1,SI-4 (22)
443,DE.CM-1,SI-4 (23)
444,DE.CM-1,SI-4 (24)
445,DE.CM-1,SI-4 (3)
446,DE.CM-1,SI-4 (4)
447,DE.CM-1,SI-4 (5)
448,DE.CM-1,SI-4 (7)
449,DE.CM-1,SI-4 (9)
450,DE.CM-1,SI-4a.1
451,DE.CM-1,SI-4a.2
452,DE.CM-1,SI-4b
453,DE.CM-1,SI-4c.1
454,DE.CM-1,SI-4c.2
455,DE.CM-1,SI-4d
456,DE.CM-1,SI-4e
457,DE.CM-1,SI-4f
458,DE.CM-1,SI-4g
460,DE.CM-2,CA-7 (1)
461,DE.CM-2,CA-7 (3)
462,DE.CM-2,CA-7a
463,DE.CM-2,CA-7b
464,DE.CM-2,CA-7c
465,DE.CM-2,CA-7d
466,DE.CM-2,CA-7e
467,DE.CM-2,CA-7f
468,DE.CM-2,CA-7g
470,DE.CM-2,PE-20a
471,DE.CM-2,PE-20b
473,DE.CM-2,PE-3 (1)
474,DE.CM-2,PE-3 (2)
475,DE.CM-2,PE-3 (3)
476,DE.CM-2,PE-3 (4)
477,DE.CM-2,PE-3 (5)
478,DE.CM-2,PE-3 (6)
479,DE.CM-2,PE-3a.1
480,DE.CM-2,PE-3a.2
481,DE.CM-2,PE-3b
482,DE.CM-2,PE-3c
483,DE.CM-2,PE-3d
484,DE.CM-2,PE-3e
485,DE.CM-2,PE-3f
486,DE.CM-2,PE-3g
488,DE.CM-2,PE-6 (1)
489,DE.CM-2,PE-6 (2)
490,DE.CM-2,PE-6 (3)
491,DE.CM-2,PE-6 (4)
492,DE.CM-2,PE-6a
493,DE.CM-2,PE-6b
494,DE.CM-2,PE-6c
496,DE.CM-3,AC-2 (1)
497,DE.CM-3,AC-2 (10)
498,DE.CM-3,AC-2 (11)
499,DE.CM-3,AC-2 (12)(a)
500,DE.CM-3,AC-2 (12)(b)
501,DE.CM-3,AC-2 (13)
502,DE.CM-3,AC-2 (2)
503,DE.CM-3,AC-2 (3)
504,DE.CM-3,AC-2 (4)
505,DE.CM-3,AC-2 (5)
506,DE.CM-3,AC-2 (6)
507,DE.CM-3,AC-2 (7)(a)
508,DE.CM-3,AC-2 (7)(b)
509,DE.CM-3,AC-2 (7)(c)
510,DE.CM-3,AC-2 (8)
511,DE.CM-3,AC-2 (9)
512,DE.CM-3,AC-2a.
513,DE.CM-3,AC-2b.
514,DE.CM-3,AC-2c.
515,DE.CM-3,AC-2d.
516,DE.CM-3,AC-2e.
517,DE.CM-3,AC-2f.
518,DE.CM-3,AC-2g.
519,DE.CM-3,AC-2h.1.
520,DE.CM-3,AC-2h.2.
521,DE.CM-3,AC-2h.3.
522,DE.CM-3,AC-2i.1.
523,DE.CM-3,AC-2i.2.
524,DE.CM-3,AC-2i.3.
525,DE.CM-3,AC-2j.
526,DE.CM-3,AC-2k.
528,DE.CM-3,AU-12 (1)
529,DE.CM-3,AU-12 (2)
530,DE.CM-3,AU-12 (3)
531,DE.CM-3,AU-12a
532,DE.CM-3,AU-12b
533,DE.CM-3,AU-12c
534,DE.CM-3,AU-13
535,DE.CM-3,AU-13 (1)
536,DE.CM-3,AU-13 (2)
538,DE.CM-3,CA-7 (1)
539,DE.CM-3,CA-7 (3)
540,DE.CM-3,CA-7a
541,DE.CM-3,CA-7b
542,DE.CM-3,CA-7c
543,DE.CM-3,CA-7d
544,DE.CM-3,CA-7e
545,DE.CM-3,CA-7f
546,DE.CM-3,CA-7g
548,DE.CM-3,CM-10 (1)
549,DE.CM-3,CM-10a
550,DE.CM-3,CM-10b
551,DE.CM-3,CM-10c
553,DE.CM-3,CM-11 (1)
554,DE.CM-3,CM-11 (2)
555,DE.CM-3,CM-11a
556,DE.CM-3,CM-11b
557,DE.CM-3,CM-11c
559,DE.CM-4,SI-3 (1)
560,DE.CM-4,SI-3 (10)(a)
561,DE.CM-4,SI-3 (10)(b)
562,DE.CM-4,SI-3 (2)
563,DE.CM-4,SI-3 (4)
564,DE.CM-4,SI-3 (6)(a)
565,DE.CM-4,SI-3 (6)(b)
566,DE.CM-4,SI-3 (7)
567,DE.CM-4,SI-3 (8)
568,DE.CM-4,SI-3 (9)
569,DE.CM-4,SI-3a
570,DE.CM-4,SI-3b
571,DE.CM-4,SI-3c.1
572,DE.CM-4,SI-3c.2
573,DE.CM-4,SI-3d
575,DE.CM-4,SI-8 (1)
576,DE.CM-4,SI-8 (2)
577,DE.CM-4,SI-8 (3)
578,DE.CM-4,SI-8a
579,DE.CM-4,SI-8b
581,DE.CM-5,SC-18 (1)
582,DE.CM-5,SC-18 (2)
583,DE.CM-5,SC-18 (3)
584,DE.CM-5,SC-18 (4)
585,DE.CM-5,SC-18 (5)
586,DE.CM-5,SC-18a
587,DE.CM-5,SC-18b
588,DE.CM-5,SC-18c
589,DE.CM-5,SC-44
591,DE.CM-5,SI-4 (1)
592,DE.CM-5,SI-4 (10)
593,DE.CM-5,SI-4 (11)
594,DE.CM-5,SI-4 (12)
595,DE.CM-5,SI-4 (13)(a)
596,DE.CM-5,SI-4 (13)(b)
597,DE.CM-5,SI-4 (13)(c)
598,DE.CM-5,SI-4 (14)
599,DE.CM-5,SI-4 (15)
600,DE.CM-5,SI-4 (16)
601,DE.CM-5,SI-4 (17)
602,DE.CM-5,SI-4 (18)
603,DE.CM-5,SI-4 (19)
604,DE.CM-5,SI-4 (2)
605,DE.CM-5,SI-4 (20)
606,DE.CM-5,SI-4 (21)
607,DE.CM-5,SI-4 (22)
608,DE.CM-5,SI-4 (23)
609,DE.CM-5,SI-4 (24)
610,DE.CM-5,SI-4 (3)
611,DE.CM-5,SI-4 (4)
612,DE.CM-5,SI-4 (5)
613,DE.CM-5,SI-4 (7)
614,DE.CM-5,SI-4 (9)
615,DE.CM-5,SI-4a.1
616,DE.CM-5,SI-4a.2
617,DE.CM-5,SI-4b
618,DE.CM-5,SI-4c.1
619,DE.CM-5,SI-4c.2
620,DE.CM-5,SI-4d
621,DE.CM-5,SI-4e
622,DE.CM-5,SI-4f
623,DE.CM-5,SI-4g
625,DE.CM-6,CA-7 (1)
626,DE.CM-6,CA-7 (3)
627,DE.CM-6,CA-7a
628,DE.CM-6,CA-7b
629,DE.CM-6,CA-7c
630,DE.CM-6,CA-7d
631,DE.CM-6,CA-7e
632,DE.CM-6,CA-7f
633,DE.CM-6,CA-7g
635,DE.CM-6,PS-7a
636,DE.CM-6,PS-7b
637,DE.CM-6,PS-7c
638,DE.CM-6,PS-7d
639,DE.CM-6,PS-7e
641,DE.CM-6,SA-4 (1)
642,DE.CM-6,SA-4 (10)
643,DE.CM-6,SA-4 (2)
644,DE.CM-6,SA-4 (3)
645,DE.CM-6,SA-4 (5)(a)
646,DE.CM-6,SA-4 (5)(b)
647,DE.CM-6,SA-4 (6)(a)
648,DE.CM-6,SA-4 (6)(b)
649,DE.CM-6,SA-4 (7)(a)
650,DE.CM-6,SA-4 (7)(b)
651,DE.CM-6,SA-4 (8)
652,DE.CM-6,SA-4 (9)
653,DE.CM-6,SA-4a
654,DE.CM-6,SA-4b
655,DE.CM-6,SA-4c
656,DE.CM-6,SA-4d
657,DE.CM-6,SA-4e
658,DE.CM-6,SA-4f
659,DE.CM-6,SA-4g
661,DE.CM-6,SA-9 (1)(a)
662,DE.CM-6,SA-9 (1)(b)
663,DE.CM-6,SA-9 (2)
664,DE.CM-6,SA-9 (3)
665,DE.CM-6,SA-9 (4)
666,DE.CM-6,SA-9 (5)
667,DE.CM-6,SA-9a
668,DE.CM-6,SA-9b
669,DE.CM-6,SA-9c
671,DE.CM-6,SI-4 (1)
672,DE.CM-6,SI-4 (10)
673,DE.CM-6,SI-4 (11)
674,DE.CM-6,SI-4 (12)
675,DE.CM-6,SI-4 (13)(a)
676,DE.CM-6,SI-4 (13)(b)
677,DE.CM-6,SI-4 (13)(c)
678,DE.CM-6,SI-4 (14)
679,DE.CM-6,SI-4 (15)
680,DE.CM-6,SI-4 (16)
681,DE.CM-6,SI-4 (17)
682,DE.CM-6,SI-4 (18)
683,DE.CM-6,SI-4 (19)
684,DE.CM-6,SI-4 (2)
685,DE.CM-6,SI-4 (20)
686,DE.CM-6,SI-4 (21)
687,DE.CM-6,SI-4 (22)
688,DE.CM-6,SI-4 (23)
689,DE.CM-6,SI-4 (24)
690,DE.CM-6,SI-4 (3)
691,DE.CM-6,SI-4 (4)
692,DE.CM-6,SI-4 (5)
693,DE.CM-6,SI-4 (7)
694,DE.CM-6,SI-4 (9)
695,DE.CM-6,SI-4a.1
696,DE.CM-6,SI-4a.2
697,DE.CM-6,SI-4b
698,DE.CM-6,SI-4c.1
699,DE.CM-6,SI-4c.2
700,DE.CM-6,SI-4d
701,DE.CM-6,SI-4e
702,DE.CM-6,SI-4f
703,DE.CM-6,SI-4g
705,DE.CM-7,AU-12 (1)
706,DE.CM-7,AU-12 (2)
707,DE.CM-7,AU-12 (3)
708,DE.CM-7,AU-12a
709,DE.CM-7,AU-12b
710,DE.CM-7,AU-12c
712,DE.CM-7,CA-7 (1)
713,DE.CM-7,CA-7 (3)
714,DE.CM-7,CA-7a
715,DE.CM-7,CA-7b
716,DE.CM-7,CA-7c
717,DE.CM-7,CA-7d
718,DE.CM-7,CA-7e
719,DE.CM-7,CA-7f
720,DE.CM-7,CA-7g
722,DE.CM-7,CM-3 (1)
723,DE.CM-7,CM-3 (1)(a)
724,DE.CM-7,CM-3 (1)(b)
725,DE.CM-7,CM-3 (1)(c)
726,DE.CM-7,CM-3 (1)(d)
727,DE.CM-7,CM-3 (1)(e)
728,DE.CM-7,CM-3 (1)(f)
729,DE.CM-7,CM-3 (2)
730,DE.CM-7,CM-3 (3)
731,DE.CM-7,CM-3 (4)
732,DE.CM-7,CM-3 (5)
733,DE.CM-7,CM-3 (6)
734,DE.CM-7,CM-3a
735,DE.CM-7,CM-3b
736,DE.CM-7,CM-3c
737,DE.CM-7,CM-3d
738,DE.CM-7,CM-3e
739,DE.CM-7,CM-3f
740,DE.CM-7,CM-3g
742,DE.CM-7,CM-8 (1)
743,DE.CM-7,CM-8 (2)
744,DE.CM-7,CM-8 (3)(a)
745,DE.CM-7,CM-8 (3)(b)
746,DE.CM-7,CM-8 (4)
747,DE.CM-7,CM-8 (5)
748,DE.CM-7,CM-8 (6)
749,DE.CM-7,CM-8 (7)
750,DE.CM-7,CM-8 (8)
751,DE.CM-7,CM-8 (9)(a)
752,DE.CM-7,CM-8 (9)(b)
753,DE.CM-7,CM-8a.1
754,DE.CM-7,CM-8a.2
755,DE.CM-7,CM-8a.3
756,DE.CM-7,CM-8a.4
757,DE.CM-7,CM-8b
759,DE.CM-7,PE-20a
760,DE.CM-7,PE-20b
762,DE.CM-7,PE-3 (1)
763,DE.CM-7,PE-3 (2)
764,DE.CM-7,PE-3 (3)
765,DE.CM-7,PE-3 (4)
766,DE.CM-7,PE-3 (5)
767,DE.CM-7,PE-3 (6)
768,DE.CM-7,PE-3a.1
769,DE.CM-7,PE-3a.2
770,DE.CM-7,PE-3b
771,DE.CM-7,PE-3c
772,DE.CM-7,PE-3d
773,DE.CM-7,PE-3e
774,DE.CM-7,PE-3f
775,DE.CM-7,PE-3g
777,DE.CM-7,PE-6 (1)
778,DE.CM-7,PE-6 (2)
779,DE.CM-7,PE-6 (3)
780,DE.CM-7,PE-6 (4)
781,DE.CM-7,PE-6a
782,DE.CM-7,PE-6b
783,DE.CM-7,PE-6c
785,DE.CM-7,SI-4 (1)
786,DE.CM-7,SI-4 (10)
787,DE.CM-7,SI-4 (11)
788,DE.CM-7,SI-4 (12)
789,DE.CM-7,SI-4 (13)(a)
790,DE.CM-7,SI-4 (13)(b)
791,DE.CM-7,SI-4 (13)(c)
792,DE.CM-7,SI-4 (14)
793,DE.CM-7,SI-4 (15)
794,DE.CM-7,SI-4 (16)
795,DE.CM-7,SI-4 (17)
796,DE.CM-7,SI-4 (18)
797,DE.CM-7,SI-4 (19)
798,DE.CM-7,SI-4 (2)
799,DE.CM-7,SI-4 (20)
800,DE.CM-7,SI-4 (21)
801,DE.CM-7,SI-4 (22)
802,DE.CM-7,SI-4 (23)
803,DE.CM-7,SI-4 (24)
804,DE.CM-7,SI-4 (3)
805,DE.CM-7,SI-4 (4)
806,DE.CM-7,SI-4 (5)
807,DE.CM-7,SI-4 (7)
808,DE.CM-7,SI-4 (9)
809,DE.CM-7,SI-4a.1
810,DE.CM-7,SI-4a.2
811,DE.CM-7,SI-4b
812,DE.CM-7,SI-4c.1
813,DE.CM-7,SI-4c.2
814,DE.CM-7,SI-4d
815,DE.CM-7,SI-4e
816,DE.CM-7,SI-4f
817,DE.CM-7,SI-4g
819,DE.CM-8,RA-5 (1)
820,DE.CM-8,RA-5 (10)
821,DE.CM-8,RA-5 (2)
822,DE.CM-8,RA-5 (3)
823,DE.CM-8,RA-5 (4)
824,DE.CM-8,RA-5 (5)
825,DE.CM-8,RA-5 (6)
826,DE.CM-8,RA-5 (8)
827,DE.CM-8,RA-5a
828,DE.CM-8,RA-5b.1
829,DE.CM-8,RA-5b.2
830,DE.CM-8,RA-5b.3
831,DE.CM-8,RA-5c
832,DE.CM-8,RA-5d
833,DE.CM-8,RA-5e
835,DE.DP-1,CA-2 (1)
836,DE.DP-1,CA-2 (2)
837,DE.DP-1,CA-2 (3)
838,DE.DP-1,CA-2a.1
839,DE.DP-1,CA-2a.2
840,DE.DP-1,CA-2a.3
841,DE.DP-1,CA-2b
842,DE.DP-1,CA-2c
843,DE.DP-1,CA-2d
845,DE.DP-1,CA-7 (1)
846,DE.DP-1,CA-7 (3)
847,DE.DP-1,CA-7a
848,DE.DP-1,CA-7b
849,DE.DP-1,CA-7c
850,DE.DP-1,CA-7d
851,DE.DP-1,CA-7e
852,DE.DP-1,CA-7f
853,DE.DP-1,CA-7g
855,DE.DP-1,PM-14a.1
856,DE.DP-1,PM-14a.2
857,DE.DP-1,PM-14b
858,DE.DP-2,AC-25
860,DE.DP-2,CA-2 (1)
861,DE.DP-2,CA-2 (2)
862,DE.DP-2,CA-2 (3)
863,DE.DP-2,CA-2a.1
864,DE.DP-2,CA-2a.2
865,DE.DP-2,CA-2a.3
866,DE.DP-2,CA-2b
867,DE.DP-2,CA-2c
868,DE.DP-2,CA-2d
870,DE.DP-2,CA-7 (1)
871,DE.DP-2,CA-7 (3)
872,DE.DP-2,CA-7a
873,DE.DP-2,CA-7b
874,DE.DP-2,CA-7c
875,DE.DP-2,CA-7d
876,DE.DP-2,CA-7e
877,DE.DP-2,CA-7f
878,DE.DP-2,CA-7g
880,DE.DP-2,PM-14a.1
881,DE.DP-2,PM-14a.2
882,DE.DP-2,PM-14b
883,DE.DP-2,SA-18
884,DE.DP-2,SA-18 (1)
885,DE.DP-2,SA-18 (2)
887,DE.DP-2,SI-4 (1)
888,DE.DP-2,SI-4 (10)
889,DE.DP-2,SI-4 (11)
890,DE.DP-2,SI-4 (12)
891,DE.DP-2,SI-4 (13)(a)
892,DE.DP-2,SI-4 (13)(b)
893,DE.DP-2,SI-4 (13)(c)
894,DE.DP-2,SI-4 (14)
895,DE.DP-2,SI-4 (15)
896,DE.DP-2,SI-4 (16)
897,DE.DP-2,SI-4 (17)
898,DE.DP-2,SI-4 (18)
899,DE.DP-2,SI-4 (19)
900,DE.DP-2,SI-4 (2)
901,DE.DP-2,SI-4 (20)
902,DE.DP-2,SI-4 (21)
903,DE.DP-2,SI-4 (22)
904,DE.DP-2,SI-4 (23)
905,DE.DP-2,SI-4 (24)
906,DE.DP-2,SI-4 (3)
907,DE.DP-2,SI-4 (4)
908,DE.DP-2,SI-4 (5)
909,DE.DP-2,SI-4 (7)
910,DE.DP-2,SI-4 (9)
911,DE.DP-2,SI-4a.1
912,DE.DP-2,SI-4a.2
913,DE.DP-2,SI-4b
914,DE.DP-2,SI-4c.1
915,DE.DP-2,SI-4c.2
916,DE.DP-2,SI-4d
917,DE.DP-2,SI-4e
918,DE.DP-2,SI-4f
919,DE.DP-2,SI-4g
921,DE.DP-3,CA-2 (1)
922,DE.DP-3,CA-2 (2)
923,DE.DP-3,CA-2 (3)
924,DE.DP-3,CA-2a.1
925,DE.DP-3,CA-2a.2
926,DE.DP-3,CA-2a.3
927,DE.DP-3,CA-2b
928,DE.DP-3,CA-2c
929,DE.DP-3,CA-2d
931,DE.DP-3,CA-7 (1)
932,DE.DP-3,CA-7 (3)
933,DE.DP-3,CA-7a
934,DE.DP-3,CA-7b
935,DE.DP-3,CA-7c
936,DE.DP-3,CA-7d
937,DE.DP-3,CA-7e
938,DE.DP-3,CA-7f
939,DE.DP-3,CA-7g
941,DE.DP-3,PE-3 (1)
942,DE.DP-3,PE-3 (2)
943,DE.DP-3,PE-3 (3)
944,DE.DP-3,PE-3 (4)
945,DE.DP-3,PE-3 (5)
946,DE.DP-3,PE-3 (6)
947,DE.DP-3,PE-3a.1
948,DE.DP-3,PE-3a.2
949,DE.DP-3,PE-3b
950,DE.DP-3,PE-3c
951,DE.DP-3,PE-3d
952,DE.DP-3,PE-3e
953,DE.DP-3,PE-3f
954,DE.DP-3,PE-3g
956,DE.DP-3,PM-14a.1
957,DE.DP-3,PM-14a.2
958,DE.DP-3,PM-14b
960,DE.DP-3,SI-3 (1)
961,DE.DP-3,SI-3 (10)(a)
962,DE.DP-3,SI-3 (10)(b)
963,DE.DP-3,SI-3 (2)
964,DE.DP-3,SI-3 (4)
965,DE.DP-3,SI-3 (6)(a)
966,DE.DP-3,SI-3 (6)(b)
967,DE.DP-3,SI-3 (7)
968,DE.DP-3,SI-3 (8)
969,DE.DP-3,SI-3 (9)
970,DE.DP-3,SI-3a
971,DE.DP-3,SI-3b
972,DE.DP-3,SI-3c.1
973,DE.DP-3,SI-3c.2
974,DE.DP-3,SI-3d
976,DE.DP-3,SI-4 (1)
977,DE.DP-3,SI-4 (10)
978,DE.DP-3,SI-4 (11)
979,DE.DP-3,SI-4 (12)
980,DE.DP-3,SI-4 (13)(a)
981,DE.DP-3,SI-4 (13)(b)
982,DE.DP-3,SI-4 (13)(c)
983,DE.DP-3,SI-4 (14)
984,DE.DP-3,SI-4 (15)
985,DE.DP-3,SI-4 (16)
986,DE.DP-3,SI-4 (17)
987,DE.DP-3,SI-4 (18)
988,DE.DP-3,SI-4 (19)
989,DE.DP-3,SI-4 (2)
990,DE.DP-3,SI-4 (20)
991,DE.DP-3,SI-4 (21)
992,DE.DP-3,SI-4 (22)
993,DE.DP-3,SI-4 (23)
994,DE.DP-3,SI-4 (24)
995,DE.DP-3,SI-4 (3)
996,DE.DP-3,SI-4 (4)
997,DE.DP-3,SI-4 (5)
998,DE.DP-3,SI-4 (7)
999,DE.DP-3,SI-4 (9)
1000,DE.DP-3,SI-4a.1
1001,DE.DP-3,SI-4a.2
1002,DE.DP-3,SI-4b
1003,DE.DP-3,SI-4c.1
1004,DE.DP-3,SI-4c.2
1005,DE.DP-3,SI-4d
1006,DE.DP-3,SI-4e
1007,DE.DP-3,SI-4f
1008,DE.DP-3,SI-4g
1010,DE.DP-4,AU-6 (1)
1011,DE.DP-4,AU-6 (10)
1012,DE.DP-4,AU-6 (3)
1013,DE.DP-4,AU-6 (4)
1014,DE.DP-4,AU-6 (5)
1015,DE.DP-4,AU-6 (6)
1016,DE.DP-4,AU-6 (7)
1017,DE.DP-4,AU-6 (8)
1018,DE.DP-4,AU-6 (9)
1019,DE.DP-4,AU-6a
1020,DE.DP-4,AU-6b
1022,DE.DP-4,CA-2 (1)
1023,DE.DP-4,CA-2 (2)
1024,DE.DP-4,CA-2 (3)
1025,DE.DP-4,CA-2a.1
1026,DE.DP-4,CA-2a.2
1027,DE.DP-4,CA-2a.3
1028,DE.DP-4,CA-2b
1029,DE.DP-4,CA-2c
1030,DE.DP-4,CA-2d
1032,DE.DP-4,CA-7 (1)
1033,DE.DP-4,CA-7 (3)
1034,DE.DP-4,CA-7a
1035,DE.DP-4,CA-7b
1036,DE.DP-4,CA-7c
1037,DE.DP-4,CA-7d
1038,DE.DP-4,CA-7e
1039,DE.DP-4,CA-7f
1040,DE.DP-4,CA-7g
1042,DE.DP-4,RA-5 (1)
1043,DE.DP-4,RA-5 (10)
1044,DE.DP-4,RA-5 (2)
1045,DE.DP-4,RA-5 (3)
1046,DE.DP-4,RA-5 (4)
1047,DE.DP-4,RA-5 (5)
1048,DE.DP-4,RA-5 (6)
1049,DE.DP-4,RA-5 (8)
1050,DE.DP-4,RA-5a
1051,DE.DP-4,RA-5b.1
1052,DE.DP-4,RA-5b.2
1053,DE.DP-4,RA-5b.3
1054,DE.DP-4,RA-5c
1055,DE.DP-4,RA-5d
1056,DE.DP-4,RA-5e
1058,DE.DP-4,SI-4 (1)
1059,DE.DP-4,SI-4 (10)
1060,DE.DP-4,SI-4 (11)
1061,DE.DP-4,SI-4 (12)
1062,DE.DP-4,SI-4 (13)(a)
1063,DE.DP-4,SI-4 (13)(b)
1064,DE.DP-4,SI-4 (13)(c)
1065,DE.DP-4,SI-4 (14)
1066,DE.DP-4,SI-4 (15)
1067,DE.DP-4,SI-4 (16)
1068,DE.DP-4,SI-4 (17)
1069,DE.DP-4,SI-4 (18)
1070,DE.DP-4,SI-4 (19)
1071,DE.DP-4,SI-4 (2)
1072,DE.DP-4,SI-4 (20)
1073,DE.DP-4,SI-4 (21)
1074,DE.DP-4,SI-4 (22)
1075,DE.DP-4,SI-4 (23)
1076,DE.DP-4,SI-4 (24)
1077,DE.DP-4,SI-4 (3)
1078,DE.DP-4,SI-4 (4)
1079,DE.DP-4,SI-4 (5)
1080,DE.DP-4,SI-4 (7)
1081,DE.DP-4,SI-4 (9)
1082,DE.DP-4,SI-4a.1
1083,DE.DP-4,SI-4a.2
1084,DE.DP-4,SI-4b
1085,DE.DP-4,SI-4c.1
1086,DE.DP-4,SI-4c.2
1087,DE.DP-4,SI-4d
1088,DE.DP-4,SI-4e
1089,DE.DP-4,SI-4f
1090,DE.DP-4,SI-4g
1092,DE.DP-5,CA-2 (1)
1093,DE.DP-5,CA-2 (2)
1094,DE.DP-5,CA-2 (3)
1095,DE.DP-5,CA-2a.1
1096,DE.DP-5,CA-2a.2
1097,DE.DP-5,CA-2a.3
1098,DE.DP-5,CA-2b
1099,DE.DP-5,CA-2c
1100,DE.DP-5,CA-2d
1102,DE.DP-5,CA-7 (1)
1103,DE.DP-5,CA-7 (3)
1104,DE.DP-5,CA-7a
1105,DE.DP-5,CA-7b
1106,DE.DP-5,CA-7c
1107,DE.DP-5,CA-7d
1108,DE.DP-5,CA-7e
1109,DE.DP-5,CA-7f
1110,DE.DP-5,CA-7g
1112,DE.DP-5,PL-2 (3)
1113,DE.DP-5,PL-2a
1114,DE.DP-5,PL-2a.1
1115,DE.DP-5,PL-2a.2
1116,DE.DP-5,PL-2a.3
1117,DE.DP-5,PL-2a.4
1118,DE.DP-5,PL-2a.5
1119,DE.DP-5,PL-2a.6
1120,DE.DP-5,PL-2a.7
1121,DE.DP-5,PL-2a.8
1122,DE.DP-5,PL-2a.9
1123,DE.DP-5,PL-2b
1124,DE.DP-5,PL-2c
1125,DE.DP-5,PL-2d
1126,DE.DP-5,PL-2e
1128,DE.DP-5,PM-14a.1
1129,DE.DP-5,PM-14a.2
1130,DE.DP-5,PM-14b
1132,DE.DP-5,RA-5 (1)
1133,DE.DP-5,RA-5 (10)
1134,DE.DP-5,RA-5 (2)
1135,DE.DP-5,RA-5 (3)
1136,DE.DP-5,RA-5 (4)
1137,DE.DP-5,RA-5 (5)
1138,DE.DP-5,RA-5 (6)
1139,DE.DP-5,RA-5 (8)
1140,DE.DP-5,RA-5a
1141,DE.DP-5,RA-5b.1
1142,DE.DP-5,RA-5b.2
1143,DE.DP-5,RA-5b.3
1144,DE.DP-5,RA-5c
1145,DE.DP-5,RA-5d
1146,DE.DP-5,RA-5e
1148,DE.DP-5,SI-4 (1)
1149,DE.DP-5,SI-4 (10)
1150,DE.DP-5,SI-4 (11)
1151,DE.DP-5,SI-4 (12)
1152,DE.DP-5,SI-4 (13)(a)
1153,DE.DP-5,SI-4 (13)(b)
1154,DE.DP-5,SI-4 (13)(c)
1155,DE.DP-5,SI-4 (14)
1156,DE.DP-5,SI-4 (15)
1157,DE.DP-5,SI-4 (16)
1158,DE.DP-5,SI-4 (17)
1159,DE.DP-5,SI-4 (18)
1160,DE.DP-5,SI-4 (19)
1161,DE.DP-5,SI-4 (2)
1162,DE.DP-5,SI-4 (20)
1163,DE.DP-5,SI-4 (21)
1164,DE.DP-5,SI-4 (22)
1165,DE.DP-5,SI-4 (23)
1166,DE.DP-5,SI-4 (24)
1167,DE.DP-5,SI-4 (3)
1168,DE.DP-5,SI-4 (4)
1169,DE.DP-5,SI-4 (5)
1170,DE.DP-5,SI-4 (7)
1171,DE.DP-5,SI-4 (9)
1172,DE.DP-5,SI-4a.1
1173,DE.DP-5,SI-4a.2
1174,DE.DP-5,SI-4b
1175,DE.DP-5,SI-4c.1
1176,DE.DP-5,SI-4c.2
1177,DE.DP-5,SI-4d
1178,DE.DP-5,SI-4e
1179,DE.DP-5,SI-4f
1180,DE.DP-5,SI-4g
1182,ID.AM-1,CM-8 (1)
1183,ID.AM-1,CM-8 (2)
1184,ID.AM-1,CM-8 (3)(a)
1185,ID.AM-1,CM-8 (3)(b)
1186,ID.AM-1,CM-8 (4)
1187,ID.AM-1,CM-8 (5)
1188,ID.AM-1,CM-8 (6)
1189,ID.AM-1,CM-8 (7)
1190,ID.AM-1,CM-8 (8)
1191,ID.AM-1,CM-8 (9)(a)
1192,ID.AM-1,CM-8 (9)(b)
1193,ID.AM-1,CM-8a.1
1194,ID.AM-1,CM-8a.2
1195,ID.AM-1,CM-8a.3
1196,ID.AM-1,CM-8a.4
1197,ID.AM-1,CM-8b
1198,ID.AM-1,PM-5
1200,ID.AM-2,CM-8 (1)
1201,ID.AM-2,CM-8 (2)
1202,ID.AM-2,CM-8 (3)(a)
1203,ID.AM-2,CM-8 (3)(b)
1204,ID.AM-2,CM-8 (4)
1205,ID.AM-2,CM-8 (5)
1206,ID.AM-2,CM-8 (6)
1207,ID.AM-2,CM-8 (7)
1208,ID.AM-2,CM-8 (8)
1209,ID.AM-2,CM-8 (9)(a)
1210,ID.AM-2,CM-8 (9)(b)
1211,ID.AM-2,CM-8a.1
1212,ID.AM-2,CM-8a.2
1213,ID.AM-2,CM-8a.3
1214,ID.AM-2,CM-8a.4
1215,ID.AM-2,CM-8b
1216,ID.AM-2,PM-5
1217,ID.AM-3,AC-4
1218,ID.AM-3,AC-4 (1)
1219,ID.AM-3,AC-4 (10)
1220,ID.AM-3,AC-4 (11)
1221,ID.AM-3,AC-4 (12)
1222,ID.AM-3,AC-4 (13)
1223,ID.AM-3,AC-4 (14)
1224,ID.AM-3,AC-4 (15)
1225,ID.AM-3,AC-4 (17)
1226,ID.AM-3,AC-4 (18)
1227,ID.AM-3,AC-4 (19)
1228,ID.AM-3,AC-4 (2)
1229,ID.AM-3,AC-4 (20)
1230,ID.AM-3,AC-4 (21)
1231,ID.AM-3,AC-4 (22)
1232,ID.AM-3,AC-4 (3)
1233,ID.AM-3,AC-4 (4)
1234,ID.AM-3,AC-4 (5)
1235,ID.AM-3,AC-4 (6)
1236,ID.AM-3,AC-4 (7)
1237,ID.AM-3,AC-4 (8)
1238,ID.AM-3,AC-4 (9)
1240,ID.AM-3,CA-3 (1)
1241,ID.AM-3,CA-3 (2)
1242,ID.AM-3,CA-3 (3)
1243,ID.AM-3,CA-3 (4)
1244,ID.AM-3,CA-3 (5)
1245,ID.AM-3,CA-3a
1246,ID.AM-3,CA-3b
1247,ID.AM-3,CA-3c
1249,ID.AM-3,CA-9 (1)
1250,ID.AM-3,CA-9a
1251,ID.AM-3,CA-9b
1252,ID.AM-3,PL-8 (1)(a)
1253,ID.AM-3,PL-8 (1)(b)
1254,ID.AM-3,PL-8 (2)
1255,ID.AM-3,PL-8a.1
1256,ID.AM-3,PL-8a.2
1257,ID.AM-3,PL-8a.3
1258,ID.AM-3,PL-8b
1259,ID.AM-3,PL-8c
1261,ID.AM-4,AC-20 (1)(a)
1262,ID.AM-4,AC-20 (1)(b)
1263,ID.AM-4,AC-20 (2)
1264,ID.AM-4,AC-20 (3)
1265,ID.AM-4,AC-20 (4)
1266,ID.AM-4,AC-20a.
1267,ID.AM-4,AC-20b.
1269,ID.AM-4,SA-9 (1)(a)
1270,ID.AM-4,SA-9 (1)(b)
1271,ID.AM-4,SA-9 (2)
1272,ID.AM-4,SA-9 (3)
1273,ID.AM-4,SA-9 (4)
1274,ID.AM-4,SA-9 (5)
1275,ID.AM-4,SA-9a
1276,ID.AM-4,SA-9b
1277,ID.AM-4,SA-9c
1279,ID.AM-5,CP-2 (1)
1280,ID.AM-5,CP-2 (2)
1281,ID.AM-5,CP-2 (3)
1282,ID.AM-5,CP-2 (4)
1283,ID.AM-5,CP-2 (5)
1284,ID.AM-5,CP-2 (6)
1285,ID.AM-5,CP-2 (7)
1286,ID.AM-5,CP-2 (8)
1287,ID.AM-5,CP-2a.1
1288,ID.AM-5,CP-2a.2
1289,ID.AM-5,CP-2a.3
1290,ID.AM-5,CP-2a.4
1291,ID.AM-5,CP-2a.5
1292,ID.AM-5,CP-2a.6
1293,ID.AM-5,CP-2b
1294,ID.AM-5,CP-2c
1295,ID.AM-5,CP-2d
1296,ID.AM-5,CP-2e
1297,ID.AM-5,CP-2f
1298,ID.AM-5,CP-2g
1300,ID.AM-5,RA-2a
1301,ID.AM-5,RA-2b
1302,ID.AM-5,RA-2c
1303,ID.AM-5,SA-14
1304,ID.AM-5,SC-6
1306,ID.AM-6,CP-2 (1)
1307,ID.AM-6,CP-2 (2)
1308,ID.AM-6,CP-2 (3)
1309,ID.AM-6,CP-2 (4)
1310,ID.AM-6,CP-2 (5)
1311,ID.AM-6,CP-2 (6)
1312,ID.AM-6,CP-2 (7)
1313,ID.AM-6,CP-2 (8)
1314,ID.AM-6,CP-2a.1
1315,ID.AM-6,CP-2a.2
1316,ID.AM-6,CP-2a.3
1317,ID.AM-6,CP-2a.4
1318,ID.AM-6,CP-2a.5
1319,ID.AM-6,CP-2a.6
1320,ID.AM-6,CP-2b
1321,ID.AM-6,CP-2c
1322,ID.AM-6,CP-2d
1323,ID.AM-6,CP-2e
1324,ID.AM-6,CP-2f
1325,ID.AM-6,CP-2g
1327,ID.AM-6,PM-11a
1328,ID.AM-6,PM-11b
1330,ID.AM-6,PS-7a
1331,ID.AM-6,PS-7b
1332,ID.AM-6,PS-7c
1333,ID.AM-6,PS-7d
1334,ID.AM-6,PS-7e
1336,ID.BE-1,CP-2 (1)
1337,ID.BE-1,CP-2 (2)
1338,ID.BE-1,CP-2 (3)
1339,ID.BE-1,CP-2 (4)
1340,ID.BE-1,CP-2 (5)
1341,ID.BE-1,CP-2 (6)
1342,ID.BE-1,CP-2 (7)
1343,ID.BE-1,CP-2 (8)
1344,ID.BE-1,CP-2a.1
1345,ID.BE-1,CP-2a.2
1346,ID.BE-1,CP-2a.3
1347,ID.BE-1,CP-2a.4
1348,ID.BE-1,CP-2a.5
1349,ID.BE-1,CP-2a.6
1350,ID.BE-1,CP-2b
1351,ID.BE-1,CP-2c
1352,ID.BE-1,CP-2d
1353,ID.BE-1,CP-2e
1354,ID.BE-1,CP-2f
1355,ID.BE-1,CP-2g
1356,ID.BE-1,SA-12
1357,ID.BE-1,SA-12 (1)
1358,ID.BE-1,SA-12 (10)
1359,ID.BE-1,SA-12 (11)
1360,ID.BE-1,SA-12 (12)
1361,ID.BE-1,SA-12 (13)
1362,ID.BE-1,SA-12 (14)
1363,ID.BE-1,SA-12 (15)
1364,ID.BE-1,SA-12 (2)
1365,ID.BE-1,SA-12 (5)
1366,ID.BE-1,SA-12 (7)
1367,ID.BE-1,SA-12 (8)
1368,ID.BE-1,SA-12 (9)
1369,ID.BE-2,PM-8
1371,ID.BE-3,PM-11a
1372,ID.BE-3,PM-11b
1373,ID.BE-3,SA-14
1374,ID.BE-4,CP-8
1375,ID.BE-4,CP-8 (1)(a)
1376,ID.BE-4,CP-8 (1)(b)
1377,ID.BE-4,CP-8 (2)
1378,ID.BE-4,CP-8 (3)
1379,ID.BE-4,CP-8 (4)(a)
1380,ID.BE-4,CP-8 (4)(b)
1381,ID.BE-4,CP-8 (4)(c)
1382,ID.BE-4,CP-8 (5)
1383,ID.BE-4,PE-11
1384,ID.BE-4,PE-11 (1)
1385,ID.BE-4,PE-11 (2)(a)
1386,ID.BE-4,PE-11 (2)(b)
1387,ID.BE-4,PE-11 (2)(c)
1388,ID.BE-4,PE-9
1389,ID.BE-4,PE-9 (1)
1390,ID.BE-4,PE-9 (2)
1391,ID.BE-4,PM-8
1392,ID.BE-4,SA-14
1393,ID.BE-5,CP-11
1395,ID.BE-5,CP-2 (1)
1396,ID.BE-5,CP-2 (2)
1397,ID.BE-5,CP-2 (3)
1398,ID.BE-5,CP-2 (4)
1399,ID.BE-5,CP-2 (5)
1400,ID.BE-5,CP-2 (6)
1401,ID.BE-5,CP-2 (7)
1402,ID.BE-5,CP-2 (8)
1403,ID.BE-5,CP-2a.1
1404,ID.BE-5,CP-2a.2
1405,ID.BE-5,CP-2a.3
1406,ID.BE-5,CP-2a.4
1407,ID.BE-5,CP-2a.5
1408,ID.BE-5,CP-2a.6
1409,ID.BE-5,CP-2b
1410,ID.BE-5,CP-2c
1411,ID.BE-5,CP-2d
1412,ID.BE-5,CP-2e
1413,ID.BE-5,CP-2f
1414,ID.BE-5,CP-2g
1416,ID.BE-5,SA-13a
1417,ID.BE-5,SA-13b
1418,ID.BE-5,SA-14
1420,ID.GV-1,AC-1.a.1.
1421,ID.GV-1,AC-1.a.2.
1422,ID.GV-1,AC-1.b.1.
1423,ID.GV-1,AC-1.b.2.
1425,ID.GV-1,AT-1a.1
1426,ID.GV-1,AT-1a.2
1427,ID.GV-1,AT-1b.1
1428,ID.GV-1,AT-1b.2
1431,ID.GV-1,CA-1a.1
1432,ID.GV-1,CA-1a.2
1433,ID.GV-1,CA-1b.1
1434,ID.GV-1,CA-1b.2
1438,ID.GV-1,IA-1a.1
1439,ID.GV-1,IA-1a.2
1440,ID.GV-1,IA-1b.1
1441,ID.GV-1,IA-1b.2
1443,ID.GV-1,IR-1a.1
1444,ID.GV-1,IR-1a.2
1445,ID.GV-1,IR-1b.1
1446,ID.GV-1,IR-1b.2
1448,ID.GV-1,MA-1a.1
1449,ID.GV-1,MA-1a.2
1450,ID.GV-1,MA-1b.1
1451,ID.GV-1,MA-1b.2
1453,ID.GV-1,MP-1a.1
1454,ID.GV-1,MP-1a.2
1455,ID.GV-1,MP-1b.1
1456,ID.GV-1,MP-1b.2
1458,ID.GV-1,PE-1a.1
1459,ID.GV-1,PE-1a.2
1460,ID.GV-1,PE-1b.1
1461,ID.GV-1,PE-1b.2
1463,ID.GV-1,PL-1a.1
1464,ID.GV-1,PL-1a.2
1465,ID.GV-1,PL-1b.1
1466,ID.GV-1,PL-1b.2
1468,ID.GV-1,PM-1a.1
1469,ID.GV-1,PM-1a.2
1470,ID.GV-1,PM-1a.3
1471,ID.GV-1,PM-1a.4
1472,ID.GV-1,PM-1b
1473,ID.GV-1,PM-1c
1474,ID.GV-1,PM-1d
1476,ID.GV-1,PS-1a.1
1477,ID.GV-1,PS-1a.2
1478,ID.GV-1,PS-1b.1
1479,ID.GV-1,PS-1b.2
1481,ID.GV-1,RA-1a.1
1482,ID.GV-1,RA-1a.2
1483,ID.GV-1,RA-1b.1
1484,ID.GV-1,RA-1b.2
1486,ID.GV-1,SA-1a.1
1487,ID.GV-1,SA-1a.2
1488,ID.GV-1,SA-1b.1
1489,ID.GV-1,SA-1b.2
1491,ID.GV-1,SC-1a.1
1492,ID.GV-1,SC-1a.2
1493,ID.GV-1,SC-1b.1
1494,ID.GV-1,SC-1b.2
1496,ID.GV-1,SI-1a.1
1497,ID.GV-1,SI-1a.2
1498,ID.GV-1,SI-1b.1
1499,ID.GV-1,SI-1b.2
1501,ID.GV-2,PM-1a.1
1502,ID.GV-2,PM-1a.2
1503,ID.GV-2,PM-1a.3
1504,ID.GV-2,PM-1a.4
1505,ID.GV-2,PM-1b
1506,ID.GV-2,PM-1c
1507,ID.GV-2,PM-1d
1508,ID.GV-2,PM-2
1510,ID.GV-2,PS-7a
1511,ID.GV-2,PS-7b
1512,ID.GV-2,PS-7c
1513,ID.GV-2,PS-7d
1514,ID.GV-2,PS-7e
1516,ID.GV-3,AC-1.a.1.
1517,ID.GV-3,AC-1.a.2.
1518,ID.GV-3,AC-1.b.1.
1519,ID.GV-3,AC-1.b.2.
1521,ID.GV-3,AT-1a.1
1522,ID.GV-3,AT-1a.2
1523,ID.GV-3,AT-1b.1
1524,ID.GV-3,AT-1b.2
1527,ID.GV-3,CA-1a.1
1528,ID.GV-3,CA-1a.2
1529,ID.GV-3,CA-1b.1
1530,ID.GV-3,CA-1b.2
1534,ID.GV-3,IA-1a.1
1535,ID.GV-3,IA-1a.2
1536,ID.GV-3,IA-1b.1
1537,ID.GV-3,IA-1b.2
1539,ID.GV-3,IR-1a.1
1540,ID.GV-3,IR-1a.2
1541,ID.GV-3,IR-1b.1
1542,ID.GV-3,IR-1b.2
1544,ID.GV-3,MA-1a.1
1545,ID.GV-3,MA-1a.2
1546,ID.GV-3,MA-1b.1
1547,ID.GV-3,MA-1b.2
1549,ID.GV-3,MP-1a.1
1550,ID.GV-3,MP-1a.2
1551,ID.GV-3,MP-1b.1
1552,ID.GV-3,MP-1b.2
1554,ID.GV-3,PE-1a.1
1555,ID.GV-3,PE-1a.2
1556,ID.GV-3,PE-1b.1
1557,ID.GV-3,PE-1b.2
1559,ID.GV-3,PL-1a.1
1560,ID.GV-3,PL-1a.2
1561,ID.GV-3,PL-1b.1
1562,ID.GV-3,PL-1b.2
1564,ID.GV-3,PM-1a.1
1565,ID.GV-3,PM-1a.2
1566,ID.GV-3,PM-1a.3
1567,ID.GV-3,PM-1a.4
1568,ID.GV-3,PM-1b
1569,ID.GV-3,PM-1c
1570,ID.GV-3,PM-1d
1572,ID.GV-3,PS-1a.1
1573,ID.GV-3,PS-1a.2
1574,ID.GV-3,PS-1b.1
1575,ID.GV-3,PS-1b.2
1577,ID.GV-3,RA-1a.1
1578,ID.GV-3,RA-1a.2
1579,ID.GV-3,RA-1b.1
1580,ID.GV-3,RA-1b.2
1582,ID.GV-3,SA-1a.1
1583,ID.GV-3,SA-1a.2
1584,ID.GV-3,SA-1b.1
1585,ID.GV-3,SA-1b.2
1587,ID.GV-3,SC-1a.1
1588,ID.GV-3,SC-1a.2
1589,ID.GV-3,SC-1b.1
1590,ID.GV-3,SC-1b.2
1592,ID.GV-3,SI-1a.1
1593,ID.GV-3,SI-1a.2
1594,ID.GV-3,SI-1b.1
1595,ID.GV-3,SI-1b.2
1597,ID.GV-4,PM-10a
1598,ID.GV-4,PM-10b
1599,ID.GV-4,PM-10c
1601,ID.GV-4,PM-11a
1602,ID.GV-4,PM-11b
1604,ID.GV-4,PM-3a
1605,ID.GV-4,PM-3b
1606,ID.GV-4,PM-3c
1607,ID.GV-4,PM-7
1609,ID.GV-4,PM-9a
1610,ID.GV-4,PM-9b
1611,ID.GV-4,PM-9c
1614,ID.RA-1,CA-2 (1)
1615,ID.RA-1,CA-2 (2)
1616,ID.RA-1,CA-2 (3)
1617,ID.RA-1,CA-2a.1
1618,ID.RA-1,CA-2a.2
1619,ID.RA-1,CA-2a.3
1620,ID.RA-1,CA-2b
1621,ID.RA-1,CA-2c
1622,ID.RA-1,CA-2d
1624,ID.RA-1,CA-7 (1)
1625,ID.RA-1,CA-7 (3)
1626,ID.RA-1,CA-7a
1627,ID.RA-1,CA-7b
1628,ID.RA-1,CA-7c
1629,ID.RA-1,CA-7d
1630,ID.RA-1,CA-7e
1631,ID.RA-1,CA-7f
1632,ID.RA-1,CA-7g
1633,ID.RA-1,CA-8
1634,ID.RA-1,CA-8 (1)
1635,ID.RA-1,CA-8 (2)
1637,ID.RA-1,RA-3a
1638,ID.RA-1,RA-3b
1639,ID.RA-1,RA-3c
1640,ID.RA-1,RA-3d
1641,ID.RA-1,RA-3e
1643,ID.RA-1,RA-5 (1)
1644,ID.RA-1,RA-5 (10)
1645,ID.RA-1,RA-5 (2)
1646,ID.RA-1,RA-5 (3)
1647,ID.RA-1,RA-5 (4)
1648,ID.RA-1,RA-5 (5)
1649,ID.RA-1,RA-5 (6)
1650,ID.RA-1,RA-5 (8)
1651,ID.RA-1,RA-5a
1652,ID.RA-1,RA-5b.1
1653,ID.RA-1,RA-5b.2
1654,ID.RA-1,RA-5b.3
1655,ID.RA-1,RA-5c
1656,ID.RA-1,RA-5d
1657,ID.RA-1,RA-5e
1658,ID.RA-1,SA-11
1659,ID.RA-1,SA-11 (1)
1660,ID.RA-1,SA-11 (2)
1661,ID.RA-1,SA-11 (3)(a)
1662,ID.RA-1,SA-11 (3)(b)
1663,ID.RA-1,SA-11 (4)
1664,ID.RA-1,SA-11 (5)
1665,ID.RA-1,SA-11 (6)
1666,ID.RA-1,SA-11 (7)
1667,ID.RA-1,SA-11 (8)
1668,ID.RA-1,SA-11a
1669,ID.RA-1,SA-11b
1670,ID.RA-1,SA-11c
1671,ID.RA-1,SA-11d
1672,ID.RA-1,SA-11e
1674,ID.RA-1,SA-5a.1
1675,ID.RA-1,SA-5a.2
1676,ID.RA-1,SA-5a.3
1677,ID.RA-1,SA-5b.1
1678,ID.RA-1,SA-5b.2
1679,ID.RA-1,SA-5b.3
1680,ID.RA-1,SA-5c
1681,ID.RA-1,SA-5d
1682,ID.RA-1,SA-5e
1684,ID.RA-1,SI-2 (1)
1685,ID.RA-1,SI-2 (2)
1686,ID.RA-1,SI-2 (3)(a)
1687,ID.RA-1,SI-2 (3)(b)
1688,ID.RA-1,SI-2 (5)
1689,ID.RA-1,SI-2 (6)
1690,ID.RA-1,SI-2a
1691,ID.RA-1,SI-2b
1692,ID.RA-1,SI-2c
1693,ID.RA-1,SI-2d
1695,ID.RA-1,SI-4 (1)
1696,ID.RA-1,SI-4 (10)
1697,ID.RA-1,SI-4 (11)
1698,ID.RA-1,SI-4 (12)
1699,ID.RA-1,SI-4 (13)(a)
1700,ID.RA-1,SI-4 (13)(b)
1701,ID.RA-1,SI-4 (13)(c)
1702,ID.RA-1,SI-4 (14)
1703,ID.RA-1,SI-4 (15)
1704,ID.RA-1,SI-4 (16)
1705,ID.RA-1,SI-4 (17)
1706,ID.RA-1,SI-4 (18)
1707,ID.RA-1,SI-4 (19)
1708,ID.RA-1,SI-4 (2)
1709,ID.RA-1,SI-4 (20)
1710,ID.RA-1,SI-4 (21)
1711,ID.RA-1,SI-4 (22)
1712,ID.RA-1,SI-4 (23)
1713,ID.RA-1,SI-4 (24)
1714,ID.RA-1,SI-4 (3)
1715,ID.RA-1,SI-4 (4)
1716,ID.RA-1,SI-4 (5)
1717,ID.RA-1,SI-4 (7)
1718,ID.RA-1,SI-4 (9)
1719,ID.RA-1,SI-4a.1
1720,ID.RA-1,SI-4a.2
1721,ID.RA-1,SI-4b
1722,ID.RA-1,SI-4c.1
1723,ID.RA-1,SI-4c.2
1724,ID.RA-1,SI-4d
1725,ID.RA-1,SI-4e
1726,ID.RA-1,SI-4f
1727,ID.RA-1,SI-4g
1729,ID.RA-1,SI-5 (1)
1730,ID.RA-1,SI-5a
1731,ID.RA-1,SI-5b
1732,ID.RA-1,SI-5c
1733,ID.RA-1,SI-5d
1735,ID.RA-2,PM-15a
1736,ID.RA-2,PM-15b
1737,ID.RA-2,PM-15c
1738,ID.RA-2,PM-16
1740,ID.RA-2,SI-5 (1)
1741,ID.RA-2,SI-5a
1742,ID.RA-2,SI-5b
1743,ID.RA-2,SI-5c
1744,ID.RA-2,SI-5d
1745,ID.RA-3,PM-12
1746,ID.RA-3,PM-16
1748,ID.RA-3,RA-3a
1749,ID.RA-3,RA-3b
1750,ID.RA-3,RA-3c
1751,ID.RA-3,RA-3d
1752,ID.RA-3,RA-3e
1754,ID.RA-3,SI-5 (1)
1755,ID.RA-3,SI-5a
1756,ID.RA-3,SI-5b
1757,ID.RA-3,SI-5c
1758,ID.RA-3,SI-5d
1760,ID.RA-4,PM-11a
1761,ID.RA-4,PM-11b
1763,ID.RA-4,PM-9a
1764,ID.RA-4,PM-9b
1765,ID.RA-4,PM-9c
1767,ID.RA-4,RA-2a
1768,ID.RA-4,RA-2b
1769,ID.RA-4,RA-2c
1771,ID.RA-4,RA-3a
1772,ID.RA-4,RA-3b
1773,ID.RA-4,RA-3c
1774,ID.RA-4,RA-3d
1775,ID.RA-4,RA-3e
1776,ID.RA-4,SA-14
1777,ID.RA-5,PM-16
1779,ID.RA-5,RA-2a
1780,ID.RA-5,RA-2b
1781,ID.RA-5,RA-2c
1783,ID.RA-5,RA-3a
1784,ID.RA-5,RA-3b
1785,ID.RA-5,RA-3c
1786,ID.RA-5,RA-3d
1787,ID.RA-5,RA-3e
1789,ID.RA-6,PM-4a.1
1790,ID.RA-6,PM-4a.2
1791,ID.RA-6,PM-4a.3
1792,ID.RA-6,PM-4b
1794,ID.RA-6,PM-9a
1795,ID.RA-6,PM-9b
1796,ID.RA-6,PM-9c
1798,ID.RM-1,PM-9a
1799,ID.RM-1,PM-9b
1800,ID.RM-1,PM-9c
1802,ID.RM-2,PM-9a
1803,ID.RM-2,PM-9b
1804,ID.RM-2,PM-9c
1806,ID.RM-3,PM-11a
1807,ID.RM-3,PM-11b
1808,ID.RM-3,PM-8
1810,ID.RM-3,PM-9a
1811,ID.RM-3,PM-9b
1812,ID.RM-3,PM-9c
1813,ID.RM-3,SA-14
1815,ID.SC-1,PM-9a
1816,ID.SC-1,PM-9b
1817,ID.SC-1,PM-9c
1818,ID.SC-1,SA-12
1819,ID.SC-1,SA-12 (1)
1820,ID.SC-1,SA-12 (10)
1821,ID.SC-1,SA-12 (11)
1822,ID.SC-1,SA-12 (12)
1823,ID.SC-1,SA-12 (13)
1824,ID.SC-1,SA-12 (14)
1825,ID.SC-1,SA-12 (15)
1826,ID.SC-1,SA-12 (2)
1827,ID.SC-1,SA-12 (5)
1828,ID.SC-1,SA-12 (7)
1829,ID.SC-1,SA-12 (8)
1830,ID.SC-1,SA-12 (9)
1832,ID.SC-1,SA-9 (1)(a)
1833,ID.SC-1,SA-9 (1)(b)
1834,ID.SC-1,SA-9 (2)
1835,ID.SC-1,SA-9 (3)
1836,ID.SC-1,SA-9 (4)
1837,ID.SC-1,SA-9 (5)
1839,ID.SC-2,PM-9a
1840,ID.SC-2,PM-9b
1841,ID.SC-2,PM-9c
1843,ID.SC-2,RA-2a
1844,ID.SC-2,RA-2b
1845,ID.SC-2,RA-2c
1847,ID.SC-2,RA-3a
1848,ID.SC-2,RA-3b
1849,ID.SC-2,RA-3c
1850,ID.SC-2,RA-3d
1851,ID.SC-2,RA-3e
1852,ID.SC-2,SA-12
1853,ID.SC-2,SA-12 (1)
1854,ID.SC-2,SA-12 (10)
1855,ID.SC-2,SA-12 (11)
1856,ID.SC-2,SA-12 (12)
1857,ID.SC-2,SA-12 (13)
1858,ID.SC-2,SA-12 (14)
1859,ID.SC-2,SA-12 (15)
1860,ID.SC-2,SA-12 (2)
1861,ID.SC-2,SA-12 (5)
1862,ID.SC-2,SA-12 (7)
1863,ID.SC-2,SA-12 (8)
1864,ID.SC-2,SA-12 (9)
1865,ID.SC-2,SA-14
1867,ID.SC-2,SA-15 (1)(a)
1868,ID.SC-2,SA-15 (1)(b)
1869,ID.SC-2,SA-15 (10)
1870,ID.SC-2,SA-15 (11)
1871,ID.SC-2,SA-15 (2)
1872,ID.SC-2,SA-15 (3)
1873,ID.SC-2,SA-15 (4)
1874,ID.SC-2,SA-15 (4)(a)
1875,ID.SC-2,SA-15 (4)(b)
1876,ID.SC-2,SA-15 (4)(c)
1877,ID.SC-2,SA-15 (5)
1878,ID.SC-2,SA-15 (6)
1879,ID.SC-2,SA-15 (7)(a)
1880,ID.SC-2,SA-15 (7)(b)
1881,ID.SC-2,SA-15 (7)(c)
1882,ID.SC-2,SA-15 (7)(d)
1883,ID.SC-2,SA-15 (8)
1884,ID.SC-2,SA-15 (9)
1885,ID.SC-2,SA-15a.1
1886,ID.SC-2,SA-15a.2
1887,ID.SC-2,SA-15a.3
1888,ID.SC-2,SA-15a.4
1889,ID.SC-2,SA-15b
1891,ID.SC-3,PM-9a
1892,ID.SC-3,PM-9b
1893,ID.SC-3,PM-9c
1894,ID.SC-3,SA-11
1895,ID.SC-3,SA-11 (1)
1896,ID.SC-3,SA-11 (2)
1897,ID.SC-3,SA-11 (3)(a)
1898,ID.SC-3,SA-11 (3)(b)
1899,ID.SC-3,SA-11 (4)
1900,ID.SC-3,SA-11 (5)
1901,ID.SC-3,SA-11 (6)
1902,ID.SC-3,SA-11 (7)
1903,ID.SC-3,SA-11 (8)
1904,ID.SC-3,SA-11a
1905,ID.SC-3,SA-11b
1906,ID.SC-3,SA-11c
1907,ID.SC-3,SA-11d
1908,ID.SC-3,SA-11e
1909,ID.SC-3,SA-12
1910,ID.SC-3,SA-12 (1)
1911,ID.SC-3,SA-12 (10)
1912,ID.SC-3,SA-12 (11)
1913,ID.SC-3,SA-12 (12)
1914,ID.SC-3,SA-12 (13)
1915,ID.SC-3,SA-12 (14)
1916,ID.SC-3,SA-12 (15)
1917,ID.SC-3,SA-12 (2)
1918,ID.SC-3,SA-12 (5)
1919,ID.SC-3,SA-12 (7)
1920,ID.SC-3,SA-12 (8)
1921,ID.SC-3,SA-12 (9)
1923,ID.SC-3,SA-9 (1)(a)
1924,ID.SC-3,SA-9 (1)(b)
1925,ID.SC-3,SA-9 (2)
1926,ID.SC-3,SA-9 (3)
1927,ID.SC-3,SA-9 (4)
1928,ID.SC-3,SA-9 (5)
1929,ID.SC-3,SA-9a
1930,ID.SC-3,SA-9b
1931,ID.SC-3,SA-9c
1933,ID.SC-4,AU-12 (1)
1934,ID.SC-4,AU-12 (2)
1935,ID.SC-4,AU-12 (3)
1936,ID.SC-4,AU-12a
1937,ID.SC-4,AU-12b
1938,ID.SC-4,AU-12c
1939,ID.SC-4,AU-16
1940,ID.SC-4,AU-16 (1)
1941,ID.SC-4,AU-16 (2)
1943,ID.SC-4,AU-2 (3)
1944,ID.SC-4,AU-2a
1945,ID.SC-4,AU-2b
1946,ID.SC-4,AU-2c
1947,ID.SC-4,AU-2d
1949,ID.SC-4,AU-6 (1)
1950,ID.SC-4,AU-6 (10)
1951,ID.SC-4,AU-6 (3)
1952,ID.SC-4,AU-6 (4)
1953,ID.SC-4,AU-6 (5)
1954,ID.SC-4,AU-6 (6)
1955,ID.SC-4,AU-6 (7)
1956,ID.SC-4,AU-6 (8)
1957,ID.SC-4,AU-6 (9)
1958,ID.SC-4,AU-6a
1959,ID.SC-4,AU-6b
1961,ID.SC-4,PS-7a
1962,ID.SC-4,PS-7b
1963,ID.SC-4,PS-7c
1964,ID.SC-4,PS-7d
1965,ID.SC-4,PS-7e
1966,ID.SC-4,SA-12
1967,ID.SC-4,SA-12 (1)
1968,ID.SC-4,SA-12 (10)
1969,ID.SC-4,SA-12 (11)
1970,ID.SC-4,SA-12 (12)
1971,ID.SC-4,SA-12 (13)
1972,ID.SC-4,SA-12 (14)
1973,ID.SC-4,SA-12 (15)
1974,ID.SC-4,SA-12 (2)
1975,ID.SC-4,SA-12 (5)
1976,ID.SC-4,SA-12 (7)
1977,ID.SC-4,SA-12 (8)
1978,ID.SC-4,SA-12 (9)
1980,ID.SC-4,SA-9 (1)(a)
1981,ID.SC-4,SA-9 (1)(b)
1982,ID.SC-4,SA-9 (2)
1983,ID.SC-4,SA-9 (3)
1984,ID.SC-4,SA-9 (4)
1985,ID.SC-4,SA-9 (5)
1986,ID.SC-4,SA-9a
1987,ID.SC-4,SA-9b
1988,ID.SC-4,SA-9c
1990,ID.SC-5,CP-2 (1)
1991,ID.SC-5,CP-2 (2)
1992,ID.SC-5,CP-2 (3)
1993,ID.SC-5,CP-2 (4)
1994,ID.SC-5,CP-2 (5)
1995,ID.SC-5,CP-2 (6)
1996,ID.SC-5,CP-2 (7)
1997,ID.SC-5,CP-2 (8)
1998,ID.SC-5,CP-2a.1
1999,ID.SC-5,CP-2a.2
2000,ID.SC-5,CP-2a.3
2001,ID.SC-5,CP-2a.4
2002,ID.SC-5,CP-2a.5
2003,ID.SC-5,CP-2a.6
2004,ID.SC-5,CP-2b
2005,ID.SC-5,CP-2c
2006,ID.SC-5,CP-2d
2007,ID.SC-5,CP-2e
2008,ID.SC-5,CP-2f
2009,ID.SC-5,CP-2g
2011,ID.SC-5,CP-4 (1)
2012,ID.SC-5,CP-4 (2)
2013,ID.SC-5,CP-4 (2)(a)
2014,ID.SC-5,CP-4 (2)(b)
2015,ID.SC-5,CP-4 (3)
2016,ID.SC-5,CP-4 (4)
2017,ID.SC-5,CP-4a
2018,ID.SC-5,CP-4b
2019,ID.SC-5,CP-4c
2020,ID.SC-5,IR-3
2021,ID.SC-5,IR-3 (1)
2022,ID.SC-5,IR-3 (2)
2024,ID.SC-5,IR-4 (1)
2025,ID.SC-5,IR-4 (10)
2026,ID.SC-5,IR-4 (2)
2027,ID.SC-5,IR-4 (3)
2028,ID.SC-5,IR-4 (4)
2029,ID.SC-5,IR-4 (5)
2030,ID.SC-5,IR-4 (6)
2031,ID.SC-5,IR-4 (7)
2032,ID.SC-5,IR-4 (8)
2033,ID.SC-5,IR-4 (9)
2034,ID.SC-5,IR-4a
2035,ID.SC-5,IR-4b
2036,ID.SC-5,IR-4c
2038,ID.SC-5,IR-6 (1)
2039,ID.SC-5,IR-6 (2)
2040,ID.SC-5,IR-6 (3)
2041,ID.SC-5,IR-6a
2042,ID.SC-5,IR-6b
2044,ID.SC-5,IR-8a.1
2045,ID.SC-5,IR-8a.2
2046,ID.SC-5,IR-8a.3
2047,ID.SC-5,IR-8a.4
2048,ID.SC-5,IR-8a.5
2049,ID.SC-5,IR-8a.6
2050,ID.SC-5,IR-8a.7
2051,ID.SC-5,IR-8a.8
2052,ID.SC-5,IR-8b
2053,ID.SC-5,IR-8c
2054,ID.SC-5,IR-8d
2055,ID.SC-5,IR-8e
2056,ID.SC-5,IR-8f
2058,ID.SC-5,IR-9 (1)
2059,ID.SC-5,IR-9 (2)
2060,ID.SC-5,IR-9 (3)
2061,ID.SC-5,IR-9 (4)
2062,ID.SC-5,IR-9a
2063,ID.SC-5,IR-9b
2064,ID.SC-5,IR-9c
2065,ID.SC-5,IR-9d
2066,ID.SC-5,IR-9e
2067,ID.SC-5,IR-9f
2069,PR.AC-1,AC-1.a.1.
2070,PR.AC-1,AC-1.a.2.
2071,PR.AC-1,AC-1.b.1.
2072,PR.AC-1,AC-1.b.2.
2074,PR.AC-1,AC-2 (1)
2075,PR.AC-1,AC-2 (10)
2076,PR.AC-1,AC-2 (11)
2077,PR.AC-1,AC-2 (12)(a)
2078,PR.AC-1,AC-2 (12)(b)
2079,PR.AC-1,AC-2 (13)
2080,PR.AC-1,AC-2 (2)
2081,PR.AC-1,AC-2 (3)
2082,PR.AC-1,AC-2 (4)
2083,PR.AC-1,AC-2 (5)
2084,PR.AC-1,AC-2 (6)
2085,PR.AC-1,AC-2 (7)(a)
2086,PR.AC-1,AC-2 (7)(b)
2087,PR.AC-1,AC-2 (7)(c)
2088,PR.AC-1,AC-2 (8)
2089,PR.AC-1,AC-2 (9)
2091,PR.AC-1,IA-10
2092,PR.AC-1,IA-11
2093,PR.AC-1,IA-1a.1
2094,PR.AC-1,IA-1a.2
2095,PR.AC-1,IA-1b.1
2096,PR.AC-1,IA-1b.2
2097,PR.AC-1,IA-2
2098,PR.AC-1,IA-2 (1)
2099,PR.AC-1,IA-2 (10)
2100,PR.AC-1,IA-2 (11)
2101,PR.AC-1,IA-2 (12)
2102,PR.AC-1,IA-2 (13)
2103,PR.AC-1,IA-2 (2)
2104,PR.AC-1,IA-2 (3)
2105,PR.AC-1,IA-2 (4)
2106,PR.AC-1,IA-2 (5)
2107,PR.AC-1,IA-2 (6)
2108,PR.AC-1,IA-2 (7)
2109,PR.AC-1,IA-2 (8)
2110,PR.AC-1,IA-2 (9)
2111,PR.AC-1,IA-3
2112,PR.AC-1,IA-3 (1)
2113,PR.AC-1,IA-3 (3)(a)
2114,PR.AC-1,IA-3 (3)(b)
2115,PR.AC-1,IA-3 (4)
2117,PR.AC-1,IA-4 (1)
2118,PR.AC-1,IA-4 (2)
2119,PR.AC-1,IA-4 (3)
2120,PR.AC-1,IA-4 (4)
2121,PR.AC-1,IA-4 (5)
2122,PR.AC-1,IA-4 (6)
2123,PR.AC-1,IA-4 (7)
2124,PR.AC-1,IA-4a
2125,PR.AC-1,IA-4b
2126,PR.AC-1,IA-4c
2127,PR.AC-1,IA-4d
2128,PR.AC-1,IA-4e
2130,PR.AC-1,IA-5 (1)(a)
2131,PR.AC-1,IA-5 (1)(b)
2132,PR.AC-1,IA-5 (1)(c)
2133,PR.AC-1,IA-5 (1)(d)
2134,PR.AC-1,IA-5 (1)(e)
2135,PR.AC-1,IA-5 (1)(f)
2136,PR.AC-1,IA-5 (10)
2137,PR.AC-1,IA-5 (11)
2138,PR.AC-1,IA-5 (12)
2139,PR.AC-1,IA-5 (13)
2140,PR.AC-1,IA-5 (14)
2141,PR.AC-1,IA-5 (15)
2142,PR.AC-1,IA-5 (2)(a)
2143,PR.AC-1,IA-5 (2)(b)
2144,PR.AC-1,IA-5 (2)(c)
2145,PR.AC-1,IA-5 (2)(d)
2146,PR.AC-1,IA-5 (3)
2147,PR.AC-1,IA-5 (4)
2148,PR.AC-1,IA-5 (5)
2149,PR.AC-1,IA-5 (6)
2150,PR.AC-1,IA-5 (7)
2151,PR.AC-1,IA-5 (8)
2152,PR.AC-1,IA-5 (9)
2153,PR.AC-1,IA-5a
2154,PR.AC-1,IA-5b
2155,PR.AC-1,IA-5c
2156,PR.AC-1,IA-5d
2157,PR.AC-1,IA-5e
2158,PR.AC-1,IA-5f
2159,PR.AC-1,IA-5g
2160,PR.AC-1,IA-5h
2161,PR.AC-1,IA-5i
2162,PR.AC-1,IA-5j
2163,PR.AC-1,IA-6
2164,PR.AC-1,IA-7
2165,PR.AC-1,IA-8
2166,PR.AC-1,IA-8 (1)
2167,PR.AC-1,IA-8 (2)
2168,PR.AC-1,IA-8 (3)
2169,PR.AC-1,IA-8 (4)
2170,PR.AC-1,IA-8 (5)
2171,PR.AC-1,IA-9
2172,PR.AC-1,IA-9 (1)
2173,PR.AC-1,IA-9 (2)
2175,PR.AC-2,PE-2 (1)
2176,PR.AC-2,PE-2 (2)
2177,PR.AC-2,PE-2 (3)
2178,PR.AC-2,PE-2a
2179,PR.AC-2,PE-2b
2180,PR.AC-2,PE-2c
2181,PR.AC-2,PE-2d
2183,PR.AC-2,PE-3 (1)
2184,PR.AC-2,PE-3 (2)
2185,PR.AC-2,PE-3 (3)
2186,PR.AC-2,PE-3 (4)
2187,PR.AC-2,PE-3 (5)
2188,PR.AC-2,PE-3 (6)
2189,PR.AC-2,PE-3a.1
2190,PR.AC-2,PE-3a.2
2191,PR.AC-2,PE-3b
2192,PR.AC-2,PE-3c
2193,PR.AC-2,PE-3d
2194,PR.AC-2,PE-3e
2195,PR.AC-2,PE-3f
2196,PR.AC-2,PE-3g
2197,PR.AC-2,PE-4
2198,PR.AC-2,PE-5
2199,PR.AC-2,PE-5 (1)(a)
2200,PR.AC-2,PE-5 (1)(b)
2201,PR.AC-2,PE-5 (2)(a)
2202,PR.AC-2,PE-5 (2)(b)
2203,PR.AC-2,PE-5 (3)
2205,PR.AC-2,PE-6 (1)
2206,PR.AC-2,PE-6 (2)
2207,PR.AC-2,PE-6 (3)
2208,PR.AC-2,PE-6 (4)
2209,PR.AC-2,PE-6a
2210,PR.AC-2,PE-6b
2211,PR.AC-2,PE-6c
2213,PR.AC-2,PE-8 (1)
2214,PR.AC-2,PE-8a
2215,PR.AC-2,PE-8b
2217,PR.AC-3,AC-1.a.1.
2218,PR.AC-3,AC-1.a.2.
2219,PR.AC-3,AC-1.b.1.
2220,PR.AC-3,AC-1.b.2.
2222,PR.AC-3,AC-17 (1)
2223,PR.AC-3,AC-17 (2)
2224,PR.AC-3,AC-17 (3)
2225,PR.AC-3,AC-17 (4)(a)
2226,PR.AC-3,AC-17 (4)(b)
2227,PR.AC-3,AC-17 (6)
2228,PR.AC-3,AC-17 (9)
2229,PR.AC-3,AC-17a.
2230,PR.AC-3,AC-17b.
2232,PR.AC-3,AC-19 (4)(a)
2233,PR.AC-3,AC-19 (4)(b)(1)
2234,PR.AC-3,AC-19 (4)(b)(2)
2235,PR.AC-3,AC-19 (4)(b)(3)
2236,PR.AC-3,AC-19 (4)(b)(4)
2237,PR.AC-3,AC-19 (4)(c)
2238,PR.AC-3,AC-19 (5)
2239,PR.AC-3,AC-19a.
2240,PR.AC-3,AC-19b.
2242,PR.AC-3,AC-20 (1)(a)
2243,PR.AC-3,AC-20 (1)(b)
2244,PR.AC-3,AC-20 (2)
2245,PR.AC-3,AC-20 (3)
2246,PR.AC-3,AC-20 (4)
2247,PR.AC-3,AC-20a.
2248,PR.AC-3,AC-20b.
2250,PR.AC-3,SC-15 (1)
2251,PR.AC-3,SC-15 (3)
2252,PR.AC-3,SC-15 (4)
2253,PR.AC-3,SC-15a
2254,PR.AC-3,SC-15b
2256,PR.AC-4,AC-1.a.1.
2257,PR.AC-4,AC-1.a.2.
2258,PR.AC-4,AC-1.b.1.
2259,PR.AC-4,AC-1.b.2.
2261,PR.AC-4,AC-14a.
2262,PR.AC-4,AC-14b.
2264,PR.AC-4,AC-16 (1)
2265,PR.AC-4,AC-16 (10)
2266,PR.AC-4,AC-16 (2)
2267,PR.AC-4,AC-16 (3)
2268,PR.AC-4,AC-16 (4)
2269,PR.AC-4,AC-16 (5)
2270,PR.AC-4,AC-16 (6)
2271,PR.AC-4,AC-16 (7)
2272,PR.AC-4,AC-16 (8)
2273,PR.AC-4,AC-16 (9)
2274,PR.AC-4,AC-16a.
2275,PR.AC-4,AC-16b.
2276,PR.AC-4,AC-16c.
2277,PR.AC-4,AC-16d.
2279,PR.AC-4,AC-2 (1)
2280,PR.AC-4,AC-2 (10)
2281,PR.AC-4,AC-2 (11)
2282,PR.AC-4,AC-2 (12)(a)
2283,PR.AC-4,AC-2 (12)(b)
2284,PR.AC-4,AC-2 (13)
2285,PR.AC-4,AC-2 (2)
2286,PR.AC-4,AC-2 (3)
2287,PR.AC-4,AC-2 (4)
2288,PR.AC-4,AC-2 (5)
2289,PR.AC-4,AC-2 (6)
2290,PR.AC-4,AC-2 (7)(a)
2291,PR.AC-4,AC-2 (7)(b)
2292,PR.AC-4,AC-2 (7)(c)
2293,PR.AC-4,AC-2 (8)
2294,PR.AC-4,AC-2 (9)
2295,PR.AC-4,AC-24
2296,PR.AC-4,AC-24 (1)
2297,PR.AC-4,AC-24 (2)
2298,PR.AC-4,AC-2a.
2299,PR.AC-4,AC-2b.
2300,PR.AC-4,AC-2c.
2301,PR.AC-4,AC-2d.
2302,PR.AC-4,AC-2e.
2303,PR.AC-4,AC-2f.
2304,PR.AC-4,AC-2g.
2305,PR.AC-4,AC-2h.1.
2306,PR.AC-4,AC-2h.2.
2307,PR.AC-4,AC-2h.3.
2308,PR.AC-4,AC-2i.1.
2309,PR.AC-4,AC-2i.2.
2310,PR.AC-4,AC-2i.3.
2311,PR.AC-4,AC-2j.
2312,PR.AC-4,AC-2k.
2313,PR.AC-4,AC-3
2314,PR.AC-4,AC-3 (10)
2315,PR.AC-4,AC-3 (2)
2316,PR.AC-4,AC-3 (3)(a)
2317,PR.AC-4,AC-3 (3)(b)(1)
2318,PR.AC-4,AC-3 (3)(b)(2)
2319,PR.AC-4,AC-3 (3)(b)(3)
2320,PR.AC-4,AC-3 (3)(b)(4)
2321,PR.AC-4,AC-3 (3)(b)(5)
2322,PR.AC-4,AC-3 (3)(c)
2323,PR.AC-4,AC-3 (4)(a)
2324,PR.AC-4,AC-3 (4)(b)
2325,PR.AC-4,AC-3 (4)(c)
2326,PR.AC-4,AC-3 (4)(d)
2327,PR.AC-4,AC-3 (4)(e)
2328,PR.AC-4,AC-3 (5)
2329,PR.AC-4,AC-3 (7)
2330,PR.AC-4,AC-3 (8)
2331,PR.AC-4,AC-3 (9)(a)
2332,PR.AC-4,AC-3 (9)(b)
2334,PR.AC-4,AC-5a.
2335,PR.AC-4,AC-5b
2336,PR.AC-4,AC-5c.
2337,PR.AC-4,AC-6
2338,PR.AC-4,AC-6 (1)
2339,PR.AC-4,AC-6 (10)
2340,PR.AC-4,AC-6 (2)
2341,PR.AC-4,AC-6 (3)
2342,PR.AC-4,AC-6 (4)
2343,PR.AC-4,AC-6 (5)
2344,PR.AC-4,AC-6 (6)
2345,PR.AC-4,AC-6 (7)(a)
2346,PR.AC-4,AC-6 (7)(b)
2347,PR.AC-4,AC-6 (8)
2348,PR.AC-4,AC-6 (9)
2349,PR.AC-5,AC-10
2350,PR.AC-5,AC-4
2351,PR.AC-5,AC-4 (1)
2352,PR.AC-5,AC-4 (10)
2353,PR.AC-5,AC-4 (11)
2354,PR.AC-5,AC-4 (12)
2355,PR.AC-5,AC-4 (13)
2356,PR.AC-5,AC-4 (14)
2357,PR.AC-5,AC-4 (15)
2358,PR.AC-5,AC-4 (17)
2359,PR.AC-5,AC-4 (18)
2360,PR.AC-5,AC-4 (19)
2361,PR.AC-5,AC-4 (2)
2362,PR.AC-5,AC-4 (20)
2363,PR.AC-5,AC-4 (21)
2364,PR.AC-5,AC-4 (22)
2365,PR.AC-5,AC-4 (3)
2366,PR.AC-5,AC-4 (4)
2367,PR.AC-5,AC-4 (5)
2368,PR.AC-5,AC-4 (6)
2369,PR.AC-5,AC-4 (7)
2370,PR.AC-5,AC-4 (8)
2371,PR.AC-5,AC-4 (9)
2373,PR.AC-5,SC-7 (10)
2374,PR.AC-5,SC-7 (11)
2375,PR.AC-5,SC-7 (12)
2376,PR.AC-5,SC-7 (13)
2377,PR.AC-5,SC-7 (14)
2378,PR.AC-5,SC-7 (15)
2379,PR.AC-5,SC-7 (16)
2380,PR.AC-5,SC-7 (17)
2381,PR.AC-5,SC-7 (18)
2382,PR.AC-5,SC-7 (19)
2383,PR.AC-5,SC-7 (20)
2384,PR.AC-5,SC-7 (21)
2385,PR.AC-5,SC-7 (22)
2386,PR.AC-5,SC-7 (23)
2387,PR.AC-5,SC-7 (3)
2388,PR.AC-5,SC-7 (4)(a)
2389,PR.AC-5,SC-7 (4)(b)
2390,PR.AC-5,SC-7 (4)(c)
2391,PR.AC-5,SC-7 (4)(d)
2392,PR.AC-5,SC-7 (4)(e)
2393,PR.AC-5,SC-7 (5)
2394,PR.AC-5,SC-7 (7)
2395,PR.AC-5,SC-7 (8)
2396,PR.AC-5,SC-7 (9)(a)
2397,PR.AC-5,SC-7 (9)(b)
2398,PR.AC-5,SC-7a
2399,PR.AC-5,SC-7b
2400,PR.AC-5,SC-7c
2402,PR.AC-6,AC-1.a.1.
2403,PR.AC-6,AC-1.a.2.
2404,PR.AC-6,AC-1.b.1.
2405,PR.AC-6,AC-1.b.2.
2407,PR.AC-6,AC-16 (1)
2408,PR.AC-6,AC-16 (10)
2409,PR.AC-6,AC-16 (2)
2410,PR.AC-6,AC-16 (3)
2411,PR.AC-6,AC-16 (4)
2412,PR.AC-6,AC-16 (5)
2413,PR.AC-6,AC-16 (6)
2414,PR.AC-6,AC-16 (7)
2415,PR.AC-6,AC-16 (8)
2416,PR.AC-6,AC-16 (9)
2417,PR.AC-6,AC-16a.
2418,PR.AC-6,AC-16b.
2419,PR.AC-6,AC-16c.
2420,PR.AC-6,AC-16d.
2422,PR.AC-6,AC-19 (4)(a)
2423,PR.AC-6,AC-19 (4)(b)(1)
2424,PR.AC-6,AC-19 (4)(b)(2)
2425,PR.AC-6,AC-19 (4)(b)(3)
2426,PR.AC-6,AC-19 (4)(b)(4)
2427,PR.AC-6,AC-19 (4)(c)
2428,PR.AC-6,AC-19 (5)
2429,PR.AC-6,AC-19a.
2430,PR.AC-6,AC-19b.
2432,PR.AC-6,AC-2 (1)
2433,PR.AC-6,AC-2 (10)
2434,PR.AC-6,AC-2 (11)
2435,PR.AC-6,AC-2 (12)(a)
2436,PR.AC-6,AC-2 (12)(b)
2437,PR.AC-6,AC-2 (13)
2438,PR.AC-6,AC-2 (2)
2439,PR.AC-6,AC-2 (3)
2440,PR.AC-6,AC-2 (4)
2441,PR.AC-6,AC-2 (5)
2442,PR.AC-6,AC-2 (6)
2443,PR.AC-6,AC-2 (7)(a)
2444,PR.AC-6,AC-2 (7)(b)
2445,PR.AC-6,AC-2 (7)(c)
2446,PR.AC-6,AC-2 (8)
2447,PR.AC-6,AC-2 (9)
2448,PR.AC-6,AC-24
2449,PR.AC-6,AC-24 (1)
2450,PR.AC-6,AC-24 (2)
2451,PR.AC-6,AC-2a.
2452,PR.AC-6,AC-2b.
2453,PR.AC-6,AC-2c.
2454,PR.AC-6,AC-2d.
2455,PR.AC-6,AC-2e.
2456,PR.AC-6,AC-2f.
2457,PR.AC-6,AC-2g.
2458,PR.AC-6,AC-2h.1.
2459,PR.AC-6,AC-2h.2.
2460,PR.AC-6,AC-2h.3.
2461,PR.AC-6,AC-2i.1.
2462,PR.AC-6,AC-2i.2.
2463,PR.AC-6,AC-2i.3.
2464,PR.AC-6,AC-2j.
2465,PR.AC-6,AC-2k.
2466,PR.AC-6,AC-3
2467,PR.AC-6,AC-3 (10)
2468,PR.AC-6,AC-3 (2)
2469,PR.AC-6,AC-3 (3)(a)
2470,PR.AC-6,AC-3 (3)(b)(1)
2471,PR.AC-6,AC-3 (3)(b)(2)
2472,PR.AC-6,AC-3 (3)(b)(3)
2473,PR.AC-6,AC-3 (3)(b)(4)
2474,PR.AC-6,AC-3 (3)(b)(5)
2475,PR.AC-6,AC-3 (3)(c)
2476,PR.AC-6,AC-3 (4)(a)
2477,PR.AC-6,AC-3 (4)(b)
2478,PR.AC-6,AC-3 (4)(c)
2479,PR.AC-6,AC-3 (4)(d)
2480,PR.AC-6,AC-3 (4)(e)
2481,PR.AC-6,AC-3 (5)
2482,PR.AC-6,AC-3 (7)
2483,PR.AC-6,AC-3 (8)
2484,PR.AC-6,AC-3 (9)(a)
2485,PR.AC-6,AC-3 (9)(b)
2487,PR.AC-6,IA-1a.1
2488,PR.AC-6,IA-1a.2
2489,PR.AC-6,IA-1b.1
2490,PR.AC-6,IA-1b.2
2491,PR.AC-6,IA-2
2492,PR.AC-6,IA-2 (1)
2493,PR.AC-6,IA-2 (10)
2494,PR.AC-6,IA-2 (11)
2495,PR.AC-6,IA-2 (12)
2496,PR.AC-6,IA-2 (13)
2497,PR.AC-6,IA-2 (2)
2498,PR.AC-6,IA-2 (3)
2499,PR.AC-6,IA-2 (4)
2500,PR.AC-6,IA-2 (5)
2501,PR.AC-6,IA-2 (6)
2502,PR.AC-6,IA-2 (7)
2503,PR.AC-6,IA-2 (8)
2504,PR.AC-6,IA-2 (9)
2506,PR.AC-6,IA-4 (1)
2507,PR.AC-6,IA-4 (2)
2508,PR.AC-6,IA-4 (3)
2509,PR.AC-6,IA-4 (4)
2510,PR.AC-6,IA-4 (5)
2511,PR.AC-6,IA-4 (6)
2512,PR.AC-6,IA-4 (7)
2513,PR.AC-6,IA-4a
2514,PR.AC-6,IA-4b
2515,PR.AC-6,IA-4c
2516,PR.AC-6,IA-4d
2517,PR.AC-6,IA-4e
2519,PR.AC-6,IA-5 (1)(a)
2520,PR.AC-6,IA-5 (1)(b)
2521,PR.AC-6,IA-5 (1)(c)
2522,PR.AC-6,IA-5 (1)(d)
2523,PR.AC-6,IA-5 (1)(e)
2524,PR.AC-6,IA-5 (1)(f)
2525,PR.AC-6,IA-5 (10)
2526,PR.AC-6,IA-5 (11)
2527,PR.AC-6,IA-5 (12)
2528,PR.AC-6,IA-5 (13)
2529,PR.AC-6,IA-5 (14)
2530,PR.AC-6,IA-5 (15)
2531,PR.AC-6,IA-5 (2)(a)
2532,PR.AC-6,IA-5 (2)(b)
2533,PR.AC-6,IA-5 (2)(c)
2534,PR.AC-6,IA-5 (2)(d)
2535,PR.AC-6,IA-5 (3)
2536,PR.AC-6,IA-5 (4)
2537,PR.AC-6,IA-5 (5)
2538,PR.AC-6,IA-5 (6)
2539,PR.AC-6,IA-5 (7)
2540,PR.AC-6,IA-5 (8)
2541,PR.AC-6,IA-5 (9)
2542,PR.AC-6,IA-5a
2543,PR.AC-6,IA-5b
2544,PR.AC-6,IA-5c
2545,PR.AC-6,IA-5d
2546,PR.AC-6,IA-5e
2547,PR.AC-6,IA-5f
2548,PR.AC-6,IA-5g
2549,PR.AC-6,IA-5h
2550,PR.AC-6,IA-5i
2551,PR.AC-6,IA-5j
2552,PR.AC-6,IA-8
2553,PR.AC-6,IA-8 (1)
2554,PR.AC-6,IA-8 (2)
2555,PR.AC-6,IA-8 (3)
2556,PR.AC-6,IA-8 (4)
2557,PR.AC-6,IA-8 (5)
2559,PR.AC-6,PE-2 (1)
2560,PR.AC-6,PE-2 (2)
2561,PR.AC-6,PE-2 (3)
2562,PR.AC-6,PE-2a
2563,PR.AC-6,PE-2b
2564,PR.AC-6,PE-2c
2565,PR.AC-6,PE-2d
2567,PR.AC-6,PS-3 (1)
2568,PR.AC-6,PS-3 (2)
2569,PR.AC-6,PS-3 (3)(a)
2570,PR.AC-6,PS-3 (3)(b)
2571,PR.AC-6,PS-3a
2572,PR.AC-6,PS-3b
2574,PR.AC-7,AC-11 (1)
2575,PR.AC-7,AC-11a.
2576,PR.AC-7,AC-11b.
2577,PR.AC-7,AC-12
2578,PR.AC-7,AC-12 (1)(a)
2579,PR.AC-7,AC-12 (1)(b)
2581,PR.AC-7,AC-14a.
2582,PR.AC-7,AC-14b.
2584,PR.AC-7,AC-7 (2)
2585,PR.AC-7,AC-7a.
2586,PR.AC-7,AC-7b.
2588,PR.AC-7,AC-8a.1.
2589,PR.AC-7,AC-8a.2.
2590,PR.AC-7,AC-8a.3.
2591,PR.AC-7,AC-8a.4.
2592,PR.AC-7,AC-8b.
2593,PR.AC-7,AC-8c.1.
2594,PR.AC-7,AC-8c.2.
2595,PR.AC-7,AC-8c.3.
2596,PR.AC-7,AC-9
2597,PR.AC-7,AC-9 (1)
2598,PR.AC-7,AC-9 (2)
2599,PR.AC-7,AC-9 (3)
2600,PR.AC-7,AC-9 (4)
2602,PR.AC-7,IA-10
2603,PR.AC-7,IA-11
2604,PR.AC-7,IA-1a.1
2605,PR.AC-7,IA-1a.2
2606,PR.AC-7,IA-1b.1
2607,PR.AC-7,IA-1b.2
2608,PR.AC-7,IA-2
2609,PR.AC-7,IA-2 (1)
2610,PR.AC-7,IA-2 (10)
2611,PR.AC-7,IA-2 (11)
2612,PR.AC-7,IA-2 (12)
2613,PR.AC-7,IA-2 (13)
2614,PR.AC-7,IA-2 (2)
2615,PR.AC-7,IA-2 (3)
2616,PR.AC-7,IA-2 (4)
2617,PR.AC-7,IA-2 (5)
2618,PR.AC-7,IA-2 (6)
2619,PR.AC-7,IA-2 (7)
2620,PR.AC-7,IA-2 (8)
2621,PR.AC-7,IA-2 (9)
2622,PR.AC-7,IA-3
2623,PR.AC-7,IA-3 (1)
2624,PR.AC-7,IA-3 (3)(a)
2625,PR.AC-7,IA-3 (3)(b)
2626,PR.AC-7,IA-3 (4)
2628,PR.AC-7,IA-4 (1)
2629,PR.AC-7,IA-4 (2)
2630,PR.AC-7,IA-4 (3)
2631,PR.AC-7,IA-4 (4)
2632,PR.AC-7,IA-4 (5)
2633,PR.AC-7,IA-4 (6)
2634,PR.AC-7,IA-4 (7)
2635,PR.AC-7,IA-4a
2636,PR.AC-7,IA-4b
2637,PR.AC-7,IA-4c
2638,PR.AC-7,IA-4d
2639,PR.AC-7,IA-4e
2641,PR.AC-7,IA-5 (1)(a)
2642,PR.AC-7,IA-5 (1)(b)
2643,PR.AC-7,IA-5 (1)(c)
2644,PR.AC-7,IA-5 (1)(d)
2645,PR.AC-7,IA-5 (1)(e)
2646,PR.AC-7,IA-5 (1)(f)
2647,PR.AC-7,IA-5 (10)
2648,PR.AC-7,IA-5 (11)
2649,PR.AC-7,IA-5 (12)
2650,PR.AC-7,IA-5 (13)
2651,PR.AC-7,IA-5 (14)
2652,PR.AC-7,IA-5 (15)
2653,PR.AC-7,IA-5 (2)(a)
2654,PR.AC-7,IA-5 (2)(b)
2655,PR.AC-7,IA-5 (2)(c)
2656,PR.AC-7,IA-5 (2)(d)
2657,PR.AC-7,IA-5 (3)
2658,PR.AC-7,IA-5 (4)
2659,PR.AC-7,IA-5 (5)
2660,PR.AC-7,IA-5 (6)
2661,PR.AC-7,IA-5 (7)
2662,PR.AC-7,IA-5 (8)
2663,PR.AC-7,IA-5 (9)
2664,PR.AC-7,IA-5a
2665,PR.AC-7,IA-5b
2666,PR.AC-7,IA-5c
2667,PR.AC-7,IA-5d
2668,PR.AC-7,IA-5e
2669,PR.AC-7,IA-5f
2670,PR.AC-7,IA-5g
2671,PR.AC-7,IA-5h
2672,PR.AC-7,IA-5i
2673,PR.AC-7,IA-5j
2674,PR.AC-7,IA-8
2675,PR.AC-7,IA-8 (1)
2676,PR.AC-7,IA-8 (2)
2677,PR.AC-7,IA-8 (3)
2678,PR.AC-7,IA-8 (4)
2679,PR.AC-7,IA-8 (5)
2680,PR.AC-7,IA-9
2681,PR.AC-7,IA-9 (1)
2682,PR.AC-7,IA-9 (2)
2684,PR.AT-1,AT-2 (1)
2685,PR.AT-1,AT-2 (2)
2686,PR.AT-1,AT-2a
2687,PR.AT-1,AT-2b
2688,PR.AT-1,AT-2c
2689,PR.AT-1,PM-13
2691,PR.AT-2,AT-3 (1)
2692,PR.AT-2,AT-3 (2)
2693,PR.AT-2,AT-3 (3)
2694,PR.AT-2,AT-3 (4)
2695,PR.AT-2,AT-3a
2696,PR.AT-2,AT-3b
2697,PR.AT-2,AT-3c
2698,PR.AT-2,PM-13
2700,PR.AT-3,PS-7a
2701,PR.AT-3,PS-7b
2702,PR.AT-3,PS-7c
2703,PR.AT-3,PS-7d
2704,PR.AT-3,PS-7e
2705,PR.AT-3,SA-16
2707,PR.AT-3,SA-9 (1)(a)
2708,PR.AT-3,SA-9 (1)(b)
2709,PR.AT-3,SA-9 (2)
2710,PR.AT-3,SA-9 (3)
2711,PR.AT-3,SA-9 (4)
2712,PR.AT-3,SA-9 (5)
2713,PR.AT-3,SA-9a
2714,PR.AT-3,SA-9b
2715,PR.AT-3,SA-9c
2717,PR.AT-4,AT-3 (1)
2718,PR.AT-4,AT-3 (2)
2719,PR.AT-4,AT-3 (3)
2720,PR.AT-4,AT-3 (4)
2721,PR.AT-4,AT-3a
2722,PR.AT-4,AT-3b
2723,PR.AT-4,AT-3c
2724,PR.AT-4,PM-13
2726,PR.AT-5,AT-3 (1)
2727,PR.AT-5,AT-3 (2)
2728,PR.AT-5,AT-3 (3)
2729,PR.AT-5,AT-3 (4)
2730,PR.AT-5,AT-3a
2731,PR.AT-5,AT-3b
2732,PR.AT-5,AT-3c
2734,PR.AT-5,IR-2 (1)
2735,PR.AT-5,IR-2 (2)
2736,PR.AT-5,IR-2a
2737,PR.AT-5,IR-2b
2738,PR.AT-5,IR-2c
2739,PR.AT-5,PM-13
2741,PR.DS-1,MP-8 (1)
2742,PR.DS-1,MP-8 (2)
2743,PR.DS-1,MP-8 (3)
2744,PR.DS-1,MP-8 (4)
2745,PR.DS-1,MP-8a
2746,PR.DS-1,MP-8b
2747,PR.DS-1,MP-8c
2748,PR.DS-1,MP-8d
2749,PR.DS-1,SC-12
2750,PR.DS-1,SC-12 (1)
2751,PR.DS-1,SC-12 (2)
2752,PR.DS-1,SC-12 (3)
2753,PR.DS-1,SC-28
2754,PR.DS-1,SC-28 (1)
2755,PR.DS-1,SC-28 (2)
2756,PR.DS-2,SC-11
2757,PR.DS-2,SC-11 (1)
2758,PR.DS-2,SC-12
2759,PR.DS-2,SC-12 (1)
2760,PR.DS-2,SC-12 (2)
2761,PR.DS-2,SC-12 (3)
2762,PR.DS-2,SC-8
2763,PR.DS-2,SC-8 (1)
2764,PR.DS-2,SC-8 (2)
2765,PR.DS-2,SC-8 (3)
2766,PR.DS-2,SC-8 (4)
2768,PR.DS-3,CM-8 (1)
2769,PR.DS-3,CM-8 (2)
2770,PR.DS-3,CM-8 (3)(a)
2771,PR.DS-3,CM-8 (3)(b)
2772,PR.DS-3,CM-8 (4)
2773,PR.DS-3,CM-8 (5)
2774,PR.DS-3,CM-8 (6)
2775,PR.DS-3,CM-8 (7)
2776,PR.DS-3,CM-8 (8)
2777,PR.DS-3,CM-8 (9)(a)
2778,PR.DS-3,CM-8 (9)(b)
2779,PR.DS-3,CM-8a.1
2780,PR.DS-3,CM-8a.2
2781,PR.DS-3,CM-8a.3
2782,PR.DS-3,CM-8a.4
2783,PR.DS-3,CM-8b
2785,PR.DS-3,MP-6 (1)
2786,PR.DS-3,MP-6 (2)
2787,PR.DS-3,MP-6 (3)
2788,PR.DS-3,MP-6 (7)
2789,PR.DS-3,MP-6 (8)
2790,PR.DS-3,MP-6a
2791,PR.DS-3,MP-6b
2792,PR.DS-3,PE-16
2793,PR.DS-4,AU-4
2794,PR.DS-4,AU-4 (1)
2796,PR.DS-4,CP-2 (1)
2797,PR.DS-4,CP-2 (2)
2798,PR.DS-4,CP-2 (3)
2799,PR.DS-4,CP-2 (4)
2800,PR.DS-4,CP-2 (5)
2801,PR.DS-4,CP-2 (6)
2802,PR.DS-4,CP-2 (7)
2803,PR.DS-4,CP-2 (8)
2804,PR.DS-4,CP-2a.1
2805,PR.DS-4,CP-2a.2
2806,PR.DS-4,CP-2a.3
2807,PR.DS-4,CP-2a.4
2808,PR.DS-4,CP-2a.5
2809,PR.DS-4,CP-2a.6
2810,PR.DS-4,CP-2b
2811,PR.DS-4,CP-2c
2812,PR.DS-4,CP-2d
2813,PR.DS-4,CP-2e
2814,PR.DS-4,CP-2f
2815,PR.DS-4,CP-2g
2816,PR.DS-4,SC-5
2817,PR.DS-4,SC-5 (1)
2818,PR.DS-4,SC-5 (2)
2819,PR.DS-4,SC-5 (3)(a)
2820,PR.DS-4,SC-5 (3)(b)
2821,PR.DS-5,AC-4
2822,PR.DS-5,AC-4 (1)
2823,PR.DS-5,AC-4 (10)
2824,PR.DS-5,AC-4 (11)
2825,PR.DS-5,AC-4 (12)
2826,PR.DS-5,AC-4 (13)
2827,PR.DS-5,AC-4 (14)
2828,PR.DS-5,AC-4 (15)
2829,PR.DS-5,AC-4 (17)
2830,PR.DS-5,AC-4 (18)
2831,PR.DS-5,AC-4 (19)
2832,PR.DS-5,AC-4 (2)
2833,PR.DS-5,AC-4 (20)
2834,PR.DS-5,AC-4 (21)
2835,PR.DS-5,AC-4 (22)
2836,PR.DS-5,AC-4 (3)
2837,PR.DS-5,AC-4 (4)
2838,PR.DS-5,AC-4 (5)
2839,PR.DS-5,AC-4 (6)
2840,PR.DS-5,AC-4 (7)
2841,PR.DS-5,AC-4 (8)
2842,PR.DS-5,AC-4 (9)
2844,PR.DS-5,AC-5a.
2845,PR.DS-5,AC-5b
2846,PR.DS-5,AC-5c.
2847,PR.DS-5,AC-6
2848,PR.DS-5,AC-6 (1)
2849,PR.DS-5,AC-6 (10)
2850,PR.DS-5,AC-6 (2)
2851,PR.DS-5,AC-6 (3)
2852,PR.DS-5,AC-6 (4)
2853,PR.DS-5,AC-6 (5)
2854,PR.DS-5,AC-6 (6)
2855,PR.DS-5,AC-6 (7)(a)
2856,PR.DS-5,AC-6 (7)(b)
2857,PR.DS-5,AC-6 (8)
2858,PR.DS-5,AC-6 (9)
2859,PR.DS-5,PE-19
2860,PR.DS-5,PE-19 (1)
2862,PR.DS-5,PS-3 (1)
2863,PR.DS-5,PS-3 (2)
2864,PR.DS-5,PS-3 (3)(a)
2865,PR.DS-5,PS-3 (3)(b)
2866,PR.DS-5,PS-3a
2867,PR.DS-5,PS-3b
2869,PR.DS-5,PS-6 (2)(a)
2870,PR.DS-5,PS-6 (2)(b)
2871,PR.DS-5,PS-6 (2)(c)
2872,PR.DS-5,PS-6 (3)(a)
2873,PR.DS-5,PS-6 (3)(b)
2874,PR.DS-5,PS-6a
2875,PR.DS-5,PS-6b
2876,PR.DS-5,PS-6c.1
2877,PR.DS-5,PS-6c.2
2878,PR.DS-5,SC-13
2880,PR.DS-5,SC-31 (1)
2881,PR.DS-5,SC-31 (2)
2882,PR.DS-5,SC-31 (3)
2883,PR.DS-5,SC-31a
2884,PR.DS-5,SC-31b
2886,PR.DS-5,SC-7 (10)
2887,PR.DS-5,SC-7 (11)
2888,PR.DS-5,SC-7 (12)
2889,PR.DS-5,SC-7 (13)
2890,PR.DS-5,SC-7 (14)
2891,PR.DS-5,SC-7 (15)
2892,PR.DS-5,SC-7 (16)
2893,PR.DS-5,SC-7 (17)
2894,PR.DS-5,SC-7 (18)
2895,PR.DS-5,SC-7 (19)
2896,PR.DS-5,SC-7 (20)
2897,PR.DS-5,SC-7 (21)
2898,PR.DS-5,SC-7 (22)
2899,PR.DS-5,SC-7 (23)
2900,PR.DS-5,SC-7 (3)
2901,PR.DS-5,SC-7 (4)(a)
2902,PR.DS-5,SC-7 (4)(b)
2903,PR.DS-5,SC-7 (4)(c)
2904,PR.DS-5,SC-7 (4)(d)
2905,PR.DS-5,SC-7 (4)(e)
2906,PR.DS-5,SC-7 (5)
2907,PR.DS-5,SC-7 (7)
2908,PR.DS-5,SC-7 (8)
2909,PR.DS-5,SC-7 (9)(a)
2910,PR.DS-5,SC-7 (9)(b)
2911,PR.DS-5,SC-7a
2912,PR.DS-5,SC-7b
2913,PR.DS-5,SC-7c
2914,PR.DS-5,SC-8
2915,PR.DS-5,SC-8 (1)
2916,PR.DS-5,SC-8 (2)
2917,PR.DS-5,SC-8 (3)
2918,PR.DS-5,SC-8 (4)
2920,PR.DS-5,SI-4 (1)
2921,PR.DS-5,SI-4 (10)
2922,PR.DS-5,SI-4 (11)
2923,PR.DS-5,SI-4 (12)
2924,PR.DS-5,SI-4 (13)(a)
2925,PR.DS-5,SI-4 (13)(b)
2926,PR.DS-5,SI-4 (13)(c)
2927,PR.DS-5,SI-4 (14)
2928,PR.DS-5,SI-4 (15)
2929,PR.DS-5,SI-4 (16)
2930,PR.DS-5,SI-4 (17)
2931,PR.DS-5,SI-4 (18)
2932,PR.DS-5,SI-4 (19)
2933,PR.DS-5,SI-4 (2)
2934,PR.DS-5,SI-4 (20)
2935,PR.DS-5,SI-4 (21)
2936,PR.DS-5,SI-4 (22)
2937,PR.DS-5,SI-4 (23)
2938,PR.DS-5,SI-4 (24)
2939,PR.DS-5,SI-4 (3)
2940,PR.DS-5,SI-4 (4)
2941,PR.DS-5,SI-4 (5)
2942,PR.DS-5,SI-4 (7)
2943,PR.DS-5,SI-4 (9)
2944,PR.DS-5,SI-4a.1
2945,PR.DS-5,SI-4a.2
2946,PR.DS-5,SI-4b
2947,PR.DS-5,SI-4c.1
2948,PR.DS-5,SI-4c.2
2949,PR.DS-5,SI-4d
2950,PR.DS-5,SI-4e
2951,PR.DS-5,SI-4f
2952,PR.DS-5,SI-4g
2953,PR.DS-6,SC-16
2954,PR.DS-6,SC-16 (1)
2955,PR.DS-6,SI-7
2956,PR.DS-6,SI-7 (1)
2957,PR.DS-6,SI-7 (10)
2958,PR.DS-6,SI-7 (11)
2959,PR.DS-6,SI-7 (12)
2960,PR.DS-6,SI-7 (13)
2961,PR.DS-6,SI-7 (14)(a)
2962,PR.DS-6,SI-7 (14)(b)
2963,PR.DS-6,SI-7 (15)
2964,PR.DS-6,SI-7 (16)
2965,PR.DS-6,SI-7 (2)
2966,PR.DS-6,SI-7 (3)
2967,PR.DS-6,SI-7 (5)
2968,PR.DS-6,SI-7 (6)
2969,PR.DS-6,SI-7 (7)
2970,PR.DS-6,SI-7 (8)
2971,PR.DS-6,SI-7 (9)
2972,PR.DS-7,CM-2
2973,PR.DS-7,CM-2 (1)(a)
2974,PR.DS-7,CM-2 (1)(b)
2975,PR.DS-7,CM-2 (1)(c)
2976,PR.DS-7,CM-2 (2)
2977,PR.DS-7,CM-2 (3)
2978,PR.DS-7,CM-2 (6)
2979,PR.DS-7,CM-2 (7)(a)
2980,PR.DS-7,CM-2 (7)(b)
2982,PR.DS-8,SA-10 (1)
2983,PR.DS-8,SA-10 (2)
2984,PR.DS-8,SA-10 (3)
2985,PR.DS-8,SA-10 (4)
2986,PR.DS-8,SA-10 (5)
2987,PR.DS-8,SA-10 (6)
2988,PR.DS-8,SA-10a
2989,PR.DS-8,SA-10b
2990,PR.DS-8,SA-10c
2991,PR.DS-8,SA-10d
2992,PR.DS-8,SA-10e
2993,PR.DS-8,SI-7
2994,PR.DS-8,SI-7 (1)
2995,PR.DS-8,SI-7 (10)
2996,PR.DS-8,SI-7 (11)
2997,PR.DS-8,SI-7 (12)
2998,PR.DS-8,SI-7 (13)
2999,PR.DS-8,SI-7 (14)(a)
3000,PR.DS-8,SI-7 (14)(b)
3001,PR.DS-8,SI-7 (15)
3002,PR.DS-8,SI-7 (16)
3003,PR.DS-8,SI-7 (2)
3004,PR.DS-8,SI-7 (3)
3005,PR.DS-8,SI-7 (5)
3006,PR.DS-8,SI-7 (6)
3007,PR.DS-8,SI-7 (7)
3008,PR.DS-8,SI-7 (8)
3009,PR.DS-8,SI-7 (9)
3010,PR.IP-1,CM-2
3011,PR.IP-1,CM-2 (1)(a)
3012,PR.IP-1,CM-2 (1)(b)
3013,PR.IP-1,CM-2 (1)(c)
3014,PR.IP-1,CM-2 (2)
3015,PR.IP-1,CM-2 (3)
3016,PR.IP-1,CM-2 (6)
3017,PR.IP-1,CM-2 (7)(a)
3018,PR.IP-1,CM-2 (7)(b)
3020,PR.IP-1,CM-3 (1)
3021,PR.IP-1,CM-3 (1)(a)
3022,PR.IP-1,CM-3 (1)(b)
3023,PR.IP-1,CM-3 (1)(c)
3024,PR.IP-1,CM-3 (1)(d)
3025,PR.IP-1,CM-3 (1)(e)
3026,PR.IP-1,CM-3 (1)(f)
3027,PR.IP-1,CM-3 (2)
3028,PR.IP-1,CM-3 (3)
3029,PR.IP-1,CM-3 (4)
3030,PR.IP-1,CM-3 (5)
3031,PR.IP-1,CM-3 (6)
3032,PR.IP-1,CM-3a
3033,PR.IP-1,CM-3b
3034,PR.IP-1,CM-3c
3035,PR.IP-1,CM-3d
3036,PR.IP-1,CM-3e
3037,PR.IP-1,CM-3f
3038,PR.IP-1,CM-3g
3039,PR.IP-1,CM-4
3040,PR.IP-1,CM-4 (1)
3041,PR.IP-1,CM-4 (2)
3042,PR.IP-1,CM-5
3043,PR.IP-1,CM-5 (1)
3044,PR.IP-1,CM-5 (2)
3045,PR.IP-1,CM-5 (3)
3046,PR.IP-1,CM-5 (4)
3047,PR.IP-1,CM-5 (5)(a)
3048,PR.IP-1,CM-5 (5)(b)
3049,PR.IP-1,CM-5 (6)
3051,PR.IP-1,CM-6 (1)
3052,PR.IP-1,CM-6 (2)
3053,PR.IP-1,CM-6a
3054,PR.IP-1,CM-6b
3055,PR.IP-1,CM-6c
3056,PR.IP-1,CM-6d
3058,PR.IP-1,CM-7 (1)(a)
3059,PR.IP-1,CM-7 (1)(b)
3060,PR.IP-1,CM-7 (2)
3061,PR.IP-1,CM-7 (3)
3062,PR.IP-1,CM-7 (4)(a)
3063,PR.IP-1,CM-7 (4)(b)
3064,PR.IP-1,CM-7 (4)(c)
3065,PR.IP-1,CM-7 (5)(a)
3066,PR.IP-1,CM-7 (5)(b)
3067,PR.IP-1,CM-7 (5)(c)
3068,PR.IP-1,CM-7a
3069,PR.IP-1,CM-7b
3071,PR.IP-1,CM-9 (1)
3072,PR.IP-1,CM-9a
3073,PR.IP-1,CM-9b
3074,PR.IP-1,CM-9c
3075,PR.IP-1,CM-9d
3077,PR.IP-1,SA-10 (1)
3078,PR.IP-1,SA-10 (2)
3079,PR.IP-1,SA-10 (3)
3080,PR.IP-1,SA-10 (4)
3081,PR.IP-1,SA-10 (5)
3082,PR.IP-1,SA-10 (6)
3083,PR.IP-1,SA-10a
3084,PR.IP-1,SA-10b
3085,PR.IP-1,SA-10c
3086,PR.IP-1,SA-10d
3087,PR.IP-1,SA-10e
3089,PR.IP-10,CP-4 (1)
3090,PR.IP-10,CP-4 (2)
3091,PR.IP-10,CP-4 (2)(a)
3092,PR.IP-10,CP-4 (2)(b)
3093,PR.IP-10,CP-4 (3)
3094,PR.IP-10,CP-4 (4)
3095,PR.IP-10,CP-4a
3096,PR.IP-10,CP-4b
3097,PR.IP-10,CP-4c
3098,PR.IP-10,IR-3
3099,PR.IP-10,IR-3 (1)
3100,PR.IP-10,IR-3 (2)
3102,PR.IP-10,PM-14a.1
3103,PR.IP-10,PM-14a.2
3104,PR.IP-10,PM-14b
3106,PR.IP-11,PS-1a.1
3107,PR.IP-11,PS-1a.2
3108,PR.IP-11,PS-1b.1
3109,PR.IP-11,PS-1b.2
3111,PR.IP-11,PS-2a
3112,PR.IP-11,PS-2b
3113,PR.IP-11,PS-2c
3115,PR.IP-11,PS-3 (1)
3116,PR.IP-11,PS-3 (2)
3117,PR.IP-11,PS-3 (3)(a)
3118,PR.IP-11,PS-3 (3)(b)
3119,PR.IP-11,PS-3a
3120,PR.IP-11,PS-3b
3122,PR.IP-11,PS-4 (1)(a)
3123,PR.IP-11,PS-4 (1)(b)
3124,PR.IP-11,PS-4 (2)
3125,PR.IP-11,PS-4a
3126,PR.IP-11,PS-4b
3127,PR.IP-11,PS-4c
3128,PR.IP-11,PS-4d
3129,PR.IP-11,PS-4e
3130,PR.IP-11,PS-4f
3132,PR.IP-11,PS-5a
3133,PR.IP-11,PS-5b
3134,PR.IP-11,PS-5c
3135,PR.IP-11,PS-5d
3137,PR.IP-11,PS-6 (2)(a)
3138,PR.IP-11,PS-6 (2)(b)
3139,PR.IP-11,PS-6 (2)(c)
3140,PR.IP-11,PS-6 (3)(a)
3141,PR.IP-11,PS-6 (3)(b)
3142,PR.IP-11,PS-6a
3143,PR.IP-11,PS-6b
3144,PR.IP-11,PS-6c.1
3145,PR.IP-11,PS-6c.2
3147,PR.IP-11,PS-7a
3148,PR.IP-11,PS-7b
3149,PR.IP-11,PS-7c
3150,PR.IP-11,PS-7d
3151,PR.IP-11,PS-7e
3153,PR.IP-11,PS-8a
3154,PR.IP-11,PS-8b
3155,PR.IP-11,SA-21
3156,PR.IP-11,SA-21 (1)
3157,PR.IP-11,SA-21a
3158,PR.IP-11,SA-21b
3160,PR.IP-12,RA-3a
3161,PR.IP-12,RA-3b
3162,PR.IP-12,RA-3c
3163,PR.IP-12,RA-3d
3164,PR.IP-12,RA-3e
3166,PR.IP-12,RA-5 (1)
3167,PR.IP-12,RA-5 (10)
3168,PR.IP-12,RA-5 (2)
3169,PR.IP-12,RA-5 (3)
3170,PR.IP-12,RA-5 (4)
3171,PR.IP-12,RA-5 (5)
3172,PR.IP-12,RA-5 (6)
3173,PR.IP-12,RA-5 (8)
3174,PR.IP-12,RA-5a
3175,PR.IP-12,RA-5b.1
3176,PR.IP-12,RA-5b.2
3177,PR.IP-12,RA-5b.3
3178,PR.IP-12,RA-5c
3179,PR.IP-12,RA-5d
3180,PR.IP-12,RA-5e
3182,PR.IP-12,SI-2 (1)
3183,PR.IP-12,SI-2 (2)
3184,PR.IP-12,SI-2 (3)(a)
3185,PR.IP-12,SI-2 (3)(b)
3186,PR.IP-12,SI-2 (5)
3187,PR.IP-12,SI-2 (6)
3188,PR.IP-12,SI-2a
3189,PR.IP-12,SI-2b
3190,PR.IP-12,SI-2c
3191,PR.IP-12,SI-2d
3193,PR.IP-2,PL-8 (1)(a)
3194,PR.IP-2,PL-8 (1)(b)
3195,PR.IP-2,PL-8 (2)
3196,PR.IP-2,PL-8a.1
3197,PR.IP-2,PL-8a.2
3198,PR.IP-2,PL-8a.3
3199,PR.IP-2,PL-8b
3200,PR.IP-2,PL-8c
3202,PR.IP-2,SA-10 (1)
3203,PR.IP-2,SA-10 (2)
3204,PR.IP-2,SA-10 (3)
3205,PR.IP-2,SA-10 (4)
3206,PR.IP-2,SA-10 (5)
3207,PR.IP-2,SA-10 (6)
3208,PR.IP-2,SA-10a
3209,PR.IP-2,SA-10b
3210,PR.IP-2,SA-10c
3211,PR.IP-2,SA-10d
3212,PR.IP-2,SA-10e
3213,PR.IP-2,SA-11
3214,PR.IP-2,SA-11 (1)
3215,PR.IP-2,SA-11 (2)
3216,PR.IP-2,SA-11 (3)(a)
3217,PR.IP-2,SA-11 (3)(b)
3218,PR.IP-2,SA-11 (4)
3219,PR.IP-2,SA-11 (5)
3220,PR.IP-2,SA-11 (6)
3221,PR.IP-2,SA-11 (7)
3222,PR.IP-2,SA-11 (8)
3223,PR.IP-2,SA-11a
3224,PR.IP-2,SA-11b
3225,PR.IP-2,SA-11c
3226,PR.IP-2,SA-11d
3227,PR.IP-2,SA-11e
3228,PR.IP-2,SA-12
3229,PR.IP-2,SA-12 (1)
3230,PR.IP-2,SA-12 (10)
3231,PR.IP-2,SA-12 (11)
3232,PR.IP-2,SA-12 (12)
3233,PR.IP-2,SA-12 (13)
3234,PR.IP-2,SA-12 (14)
3235,PR.IP-2,SA-12 (15)
3236,PR.IP-2,SA-12 (2)
3237,PR.IP-2,SA-12 (5)
3238,PR.IP-2,SA-12 (7)
3239,PR.IP-2,SA-12 (8)
3240,PR.IP-2,SA-12 (9)
3242,PR.IP-2,SA-15 (1)(a)
3243,PR.IP-2,SA-15 (1)(b)
3244,PR.IP-2,SA-15 (10)
3245,PR.IP-2,SA-15 (11)
3246,PR.IP-2,SA-15 (2)
3247,PR.IP-2,SA-15 (3)
3248,PR.IP-2,SA-15 (4)
3249,PR.IP-2,SA-15 (4)(a)
3250,PR.IP-2,SA-15 (4)(b)
3251,PR.IP-2,SA-15 (4)(c)
3252,PR.IP-2,SA-15 (5)
3253,PR.IP-2,SA-15 (6)
3254,PR.IP-2,SA-15 (7)(a)
3255,PR.IP-2,SA-15 (7)(b)
3256,PR.IP-2,SA-15 (7)(c)
3257,PR.IP-2,SA-15 (7)(d)
3258,PR.IP-2,SA-15 (8)
3259,PR.IP-2,SA-15 (9)
3260,PR.IP-2,SA-15a.1
3261,PR.IP-2,SA-15a.2
3262,PR.IP-2,SA-15a.3
3263,PR.IP-2,SA-15a.4
3264,PR.IP-2,SA-15b
3265,PR.IP-2,SA-17
3266,PR.IP-2,SA-17 (1)(a)
3267,PR.IP-2,SA-17 (1)(b)
3268,PR.IP-2,SA-17 (2)(a)
3269,PR.IP-2,SA-17 (2)(b)
3270,PR.IP-2,SA-17 (3)(a)
3271,PR.IP-2,SA-17 (3)(b)
3272,PR.IP-2,SA-17 (3)(c)
3273,PR.IP-2,SA-17 (3)(d)
3274,PR.IP-2,SA-17 (3)(e)
3275,PR.IP-2,SA-17 (4)(a)
3276,PR.IP-2,SA-17 (4)(b)
3277,PR.IP-2,SA-17 (4)(c)
3278,PR.IP-2,SA-17 (4)(d)
3279,PR.IP-2,SA-17 (4)(e)
3280,PR.IP-2,SA-17 (5)(a)
3281,PR.IP-2,SA-17 (5)(b)
3282,PR.IP-2,SA-17 (6)
3283,PR.IP-2,SA-17 (7)
3284,PR.IP-2,SA-17a
3285,PR.IP-2,SA-17b
3286,PR.IP-2,SA-17c
3288,PR.IP-2,SA-3a
3289,PR.IP-2,SA-3b
3290,PR.IP-2,SA-3c
3291,PR.IP-2,SA-3d
3293,PR.IP-2,SA-4 (1)
3294,PR.IP-2,SA-4 (10)
3295,PR.IP-2,SA-4 (2)
3296,PR.IP-2,SA-4 (3)
3297,PR.IP-2,SA-4 (5)(a)
3298,PR.IP-2,SA-4 (5)(b)
3299,PR.IP-2,SA-4 (6)(a)
3300,PR.IP-2,SA-4 (6)(b)
3301,PR.IP-2,SA-4 (7)(a)
3302,PR.IP-2,SA-4 (7)(b)
3303,PR.IP-2,SA-4 (8)
3304,PR.IP-2,SA-4 (9)
3305,PR.IP-2,SA-4a
3306,PR.IP-2,SA-4b
3307,PR.IP-2,SA-4c
3308,PR.IP-2,SA-4d
3309,PR.IP-2,SA-4e
3310,PR.IP-2,SA-4f
3311,PR.IP-2,SA-4g
3312,PR.IP-2,SA-8
3314,PR.IP-3,CM-3 (1)
3315,PR.IP-3,CM-3 (1)(a)
3316,PR.IP-3,CM-3 (1)(b)
3317,PR.IP-3,CM-3 (1)(c)
3318,PR.IP-3,CM-3 (1)(d)
3319,PR.IP-3,CM-3 (1)(e)
3320,PR.IP-3,CM-3 (1)(f)
3321,PR.IP-3,CM-3 (2)
3322,PR.IP-3,CM-3 (3)
3323,PR.IP-3,CM-3 (4)
3324,PR.IP-3,CM-3 (5)
3325,PR.IP-3,CM-3 (6)
3326,PR.IP-3,CM-3a
3327,PR.IP-3,CM-3b
3328,PR.IP-3,CM-3c
3329,PR.IP-3,CM-3d
3330,PR.IP-3,CM-3e
3331,PR.IP-3,CM-3f
3332,PR.IP-3,CM-3g
3333,PR.IP-3,CM-4
3334,PR.IP-3,CM-4 (1)
3335,PR.IP-3,CM-4 (2)
3337,PR.IP-3,SA-10 (1)
3338,PR.IP-3,SA-10 (2)
3339,PR.IP-3,SA-10 (3)
3340,PR.IP-3,SA-10 (4)
3341,PR.IP-3,SA-10 (5)
3342,PR.IP-3,SA-10 (6)
3343,PR.IP-3,SA-10a
3344,PR.IP-3,SA-10b
3345,PR.IP-3,SA-10c
3346,PR.IP-3,SA-10d
3347,PR.IP-3,SA-10e
3349,PR.IP-4,CP-4 (1)
3350,PR.IP-4,CP-4 (2)
3351,PR.IP-4,CP-4 (2)(a)
3352,PR.IP-4,CP-4 (2)(b)
3353,PR.IP-4,CP-4 (3)
3354,PR.IP-4,CP-4 (4)
3355,PR.IP-4,CP-4a
3356,PR.IP-4,CP-4b
3357,PR.IP-4,CP-4c
3359,PR.IP-4,CP-6 (1)
3360,PR.IP-4,CP-6 (2)
3361,PR.IP-4,CP-6 (3)
3362,PR.IP-4,CP-6a
3363,PR.IP-4,CP-6b
3365,PR.IP-4,CP-9 (1)
3366,PR.IP-4,CP-9 (2)
3367,PR.IP-4,CP-9 (3)
3368,PR.IP-4,CP-9 (5)
3369,PR.IP-4,CP-9 (6)
3370,PR.IP-4,CP-9 (7)
3371,PR.IP-4,CP-9a
3372,PR.IP-4,CP-9b
3373,PR.IP-4,CP-9c
3374,PR.IP-4,CP-9d
3376,PR.IP-5,PE-10a
3377,PR.IP-5,PE-10b
3378,PR.IP-5,PE-10c
3379,PR.IP-5,PE-12
3380,PR.IP-5,PE-12 (1)
3381,PR.IP-5,PE-13
3382,PR.IP-5,PE-13 (1)
3383,PR.IP-5,PE-13 (2)
3384,PR.IP-5,PE-13 (3)
3385,PR.IP-5,PE-13 (4)
3387,PR.IP-5,PE-14 (1)
3388,PR.IP-5,PE-14 (2)
3389,PR.IP-5,PE-14a
3390,PR.IP-5,PE-14b
3391,PR.IP-5,PE-15
3392,PR.IP-5,PE-15 (1)
3393,PR.IP-5,PE-18
3394,PR.IP-5,PE-18 (1)
3396,PR.IP-6,MP-6 (1)
3397,PR.IP-6,MP-6 (2)
3398,PR.IP-6,MP-6 (3)
3399,PR.IP-6,MP-6 (7)
3400,PR.IP-6,MP-6 (8)
3401,PR.IP-6,MP-6a
3402,PR.IP-6,MP-6b
3404,PR.IP-7,CA-2 (1)
3405,PR.IP-7,CA-2 (2)
3406,PR.IP-7,CA-2 (3)
3407,PR.IP-7,CA-2a.1
3408,PR.IP-7,CA-2a.2
3409,PR.IP-7,CA-2a.3
3410,PR.IP-7,CA-2b
3411,PR.IP-7,CA-2c
3412,PR.IP-7,CA-2d
3414,PR.IP-7,CA-7 (1)
3415,PR.IP-7,CA-7 (3)
3416,PR.IP-7,CA-7a
3417,PR.IP-7,CA-7b
3418,PR.IP-7,CA-7c
3419,PR.IP-7,CA-7d
3420,PR.IP-7,CA-7e
3421,PR.IP-7,CA-7f
3422,PR.IP-7,CA-7g
3424,PR.IP-7,CP-2 (1)
3425,PR.IP-7,CP-2 (2)
3426,PR.IP-7,CP-2 (3)
3427,PR.IP-7,CP-2 (4)
3428,PR.IP-7,CP-2 (5)
3429,PR.IP-7,CP-2 (6)
3430,PR.IP-7,CP-2 (7)
3431,PR.IP-7,CP-2 (8)
3432,PR.IP-7,CP-2a.1
3433,PR.IP-7,CP-2a.2
3434,PR.IP-7,CP-2a.3
3435,PR.IP-7,CP-2a.4
3436,PR.IP-7,CP-2a.5
3437,PR.IP-7,CP-2a.6
3438,PR.IP-7,CP-2b
3439,PR.IP-7,CP-2c
3440,PR.IP-7,CP-2d
3441,PR.IP-7,CP-2e
3442,PR.IP-7,CP-2f
3443,PR.IP-7,CP-2g
3445,PR.IP-7,IR-8a.1
3446,PR.IP-7,IR-8a.2
3447,PR.IP-7,IR-8a.3
3448,PR.IP-7,IR-8a.4
3449,PR.IP-7,IR-8a.5
3450,PR.IP-7,IR-8a.6
3451,PR.IP-7,IR-8a.7
3452,PR.IP-7,IR-8a.8
3453,PR.IP-7,IR-8b
3454,PR.IP-7,IR-8c
3455,PR.IP-7,IR-8d
3456,PR.IP-7,IR-8e
3457,PR.IP-7,IR-8f
3459,PR.IP-7,PL-2 (3)
3460,PR.IP-7,PL-2a
3461,PR.IP-7,PL-2a.1
3462,PR.IP-7,PL-2a.2
3463,PR.IP-7,PL-2a.3
3464,PR.IP-7,PL-2a.4
3465,PR.IP-7,PL-2a.5
3466,PR.IP-7,PL-2a.6
3467,PR.IP-7,PL-2a.7
3468,PR.IP-7,PL-2a.8
3469,PR.IP-7,PL-2a.9
3470,PR.IP-7,PL-2b
3471,PR.IP-7,PL-2c
3472,PR.IP-7,PL-2d
3473,PR.IP-7,PL-2e
3474,PR.IP-7,PM-6
3476,PR.IP-8,AC-21 (1)
3477,PR.IP-8,AC-21 (2)
3478,PR.IP-8,AC-21a.
3479,PR.IP-8,AC-21b.
3481,PR.IP-8,CA-7 (1)
3482,PR.IP-8,CA-7 (3)
3483,PR.IP-8,CA-7a
3484,PR.IP-8,CA-7b
3485,PR.IP-8,CA-7c
3486,PR.IP-8,CA-7d
3487,PR.IP-8,CA-7e
3488,PR.IP-8,CA-7f
3489,PR.IP-8,CA-7g
3491,PR.IP-8,SI-4 (1)
3492,PR.IP-8,SI-4 (10)
3493,PR.IP-8,SI-4 (11)
3494,PR.IP-8,SI-4 (12)
3495,PR.IP-8,SI-4 (13)(a)
3496,PR.IP-8,SI-4 (13)(b)
3497,PR.IP-8,SI-4 (13)(c)
3498,PR.IP-8,SI-4 (14)
3499,PR.IP-8,SI-4 (15)
3500,PR.IP-8,SI-4 (16)
3501,PR.IP-8,SI-4 (17)
3502,PR.IP-8,SI-4 (18)
3503,PR.IP-8,SI-4 (19)
3504,PR.IP-8,SI-4 (2)
3505,PR.IP-8,SI-4 (20)
3506,PR.IP-8,SI-4 (21)
3507,PR.IP-8,SI-4 (22)
3508,PR.IP-8,SI-4 (23)
3509,PR.IP-8,SI-4 (24)
3510,PR.IP-8,SI-4 (3)
3511,PR.IP-8,SI-4 (4)
3512,PR.IP-8,SI-4 (5)
3513,PR.IP-8,SI-4 (7)
3514,PR.IP-8,SI-4 (9)
3515,PR.IP-8,SI-4a.1
3516,PR.IP-8,SI-4a.2
3517,PR.IP-8,SI-4b
3518,PR.IP-8,SI-4c.1
3519,PR.IP-8,SI-4c.2
3520,PR.IP-8,SI-4d
3521,PR.IP-8,SI-4e
3522,PR.IP-8,SI-4f
3523,PR.IP-8,SI-4g
3524,PR.IP-9,CP-12
3525,PR.IP-9,CP-13
3527,PR.IP-9,CP-2 (1)
3528,PR.IP-9,CP-2 (2)
3529,PR.IP-9,CP-2 (3)
3530,PR.IP-9,CP-2 (4)
3531,PR.IP-9,CP-2 (5)
3532,PR.IP-9,CP-2 (6)
3533,PR.IP-9,CP-2 (7)
3534,PR.IP-9,CP-2 (8)
3535,PR.IP-9,CP-2a.1
3536,PR.IP-9,CP-2a.2
3537,PR.IP-9,CP-2a.3
3538,PR.IP-9,CP-2a.4
3539,PR.IP-9,CP-2a.5
3540,PR.IP-9,CP-2a.6
3541,PR.IP-9,CP-2b
3542,PR.IP-9,CP-2c
3543,PR.IP-9,CP-2d
3544,PR.IP-9,CP-2e
3545,PR.IP-9,CP-2f
3546,PR.IP-9,CP-2g
3548,PR.IP-9,CP-7 (1)
3549,PR.IP-9,CP-7 (2)
3550,PR.IP-9,CP-7 (3)
3551,PR.IP-9,CP-7 (4)
3552,PR.IP-9,CP-7 (6)
3553,PR.IP-9,CP-7a
3554,PR.IP-9,CP-7b
3555,PR.IP-9,CP-7c
3556,PR.IP-9,IR-7
3557,PR.IP-9,IR-7 (1)
3558,PR.IP-9,IR-7 (2)(a)
3559,PR.IP-9,IR-7 (2)(b)
3561,PR.IP-9,IR-8a.1
3562,PR.IP-9,IR-8a.2
3563,PR.IP-9,IR-8a.3
3564,PR.IP-9,IR-8a.4
3565,PR.IP-9,IR-8a.5
3566,PR.IP-9,IR-8a.6
3567,PR.IP-9,IR-8a.7
3568,PR.IP-9,IR-8a.8
3569,PR.IP-9,IR-8b
3570,PR.IP-9,IR-8c
3571,PR.IP-9,IR-8d
3572,PR.IP-9,IR-8e
3573,PR.IP-9,IR-8f
3575,PR.IP-9,IR-9 (1)
3576,PR.IP-9,IR-9 (2)
3577,PR.IP-9,IR-9 (3)
3578,PR.IP-9,IR-9 (4)
3579,PR.IP-9,IR-9a
3580,PR.IP-9,IR-9b
3581,PR.IP-9,IR-9c
3582,PR.IP-9,IR-9d
3583,PR.IP-9,IR-9e
3584,PR.IP-9,IR-9f
3586,PR.IP-9,PE-17a
3587,PR.IP-9,PE-17b
3588,PR.IP-9,PE-17c
3590,PR.MA-1,MA-2 (2)(a)
3591,PR.MA-1,MA-2 (2)(b)
3592,PR.MA-1,MA-2a
3593,PR.MA-1,MA-2b
3594,PR.MA-1,MA-2c
3595,PR.MA-1,MA-2d
3596,PR.MA-1,MA-2e
3597,PR.MA-1,MA-2f
3598,PR.MA-1,MA-3
3599,PR.MA-1,MA-3 (1)
3600,PR.MA-1,MA-3 (2)
3601,PR.MA-1,MA-3 (3)(a)
3602,PR.MA-1,MA-3 (3)(b)
3603,PR.MA-1,MA-3 (3)(c)
3604,PR.MA-1,MA-3 (3)(d)
3605,PR.MA-1,MA-3 (4)
3607,PR.MA-1,MA-5 (1)(a)(1)
3608,PR.MA-1,MA-5 (1)(a)(2)
3609,PR.MA-1,MA-5 (1)(b)
3610,PR.MA-1,MA-5 (2)
3611,PR.MA-1,MA-5 (3)
3612,PR.MA-1,MA-5 (4)(a)
3613,PR.MA-1,MA-5 (4)(b)
3614,PR.MA-1,MA-5 (5)
3615,PR.MA-1,MA-5a
3616,PR.MA-1,MA-5b
3617,PR.MA-1,MA-5c
3618,PR.MA-1,MA-6
3619,PR.MA-1,MA-6 (1)
3620,PR.MA-1,MA-6 (2)
3621,PR.MA-1,MA-6 (3)
3623,PR.MA-2,MA-4 (1)(a)
3624,PR.MA-2,MA-4 (1)(b)
3625,PR.MA-2,MA-4 (2)
3626,PR.MA-2,MA-4 (3)(a)
3627,PR.MA-2,MA-4 (3)(b)
3628,PR.MA-2,MA-4 (4)(a)
3629,PR.MA-2,MA-4 (4)(b)(1)
3630,PR.MA-2,MA-4 (4)(b)(2)
3631,PR.MA-2,MA-4 (5)(a)
3632,PR.MA-2,MA-4 (5)(b)
3633,PR.MA-2,MA-4 (6)
3634,PR.MA-2,MA-4 (7)
3635,PR.MA-2,MA-4a
3636,PR.MA-2,MA-4b
3637,PR.MA-2,MA-4c
3638,PR.MA-2,MA-4d
3639,PR.MA-2,MA-4e
3641,PR.PT-1,AU-10
3642,PR.PT-1,AU-10 (1)(a)
3643,PR.PT-1,AU-10 (1)(b)
3644,PR.PT-1,AU-10 (2)(a)
3645,PR.PT-1,AU-10 (2)(b)
3646,PR.PT-1,AU-10 (3)
3647,PR.PT-1,AU-10 (4)(a)
3648,PR.PT-1,AU-10 (4)(b)
3649,PR.PT-1,AU-11
3650,PR.PT-1,AU-11 (1)
3652,PR.PT-1,AU-12 (1)
3653,PR.PT-1,AU-12 (2)
3654,PR.PT-1,AU-12 (3)
3655,PR.PT-1,AU-12a
3656,PR.PT-1,AU-12b
3657,PR.PT-1,AU-12c
3658,PR.PT-1,AU-13
3659,PR.PT-1,AU-13 (1)
3660,PR.PT-1,AU-13 (2)
3661,PR.PT-1,AU-14
3662,PR.PT-1,AU-14 (1)
3663,PR.PT-1,AU-14 (2)
3664,PR.PT-1,AU-14 (3)
3665,PR.PT-1,AU-15
3666,PR.PT-1,AU-16
3667,PR.PT-1,AU-16 (1)
3668,PR.PT-1,AU-16 (2)
3669,PR.PT-1,AU-1a.1
3670,PR.PT-1,AU-1a.2
3671,PR.PT-1,AU-1b.1
3672,PR.PT-1,AU-1b.2
3674,PR.PT-1,AU-2 (3)
3675,PR.PT-1,AU-2a
3676,PR.PT-1,AU-2b
3677,PR.PT-1,AU-2c
3678,PR.PT-1,AU-2d
3679,PR.PT-1,AU-3
3680,PR.PT-1,AU-3 (1)
3681,PR.PT-1,AU-3 (2)
3682,PR.PT-1,AU-4
3683,PR.PT-1,AU-4 (1)
3685,PR.PT-1,AU-5 (1)
3686,PR.PT-1,AU-5 (2)
3687,PR.PT-1,AU-5 (3)
3688,PR.PT-1,AU-5 (4)
3689,PR.PT-1,AU-5a
3690,PR.PT-1,AU-5b
3692,PR.PT-1,AU-6 (1)
3693,PR.PT-1,AU-6 (10)
3694,PR.PT-1,AU-6 (3)
3695,PR.PT-1,AU-6 (4)
3696,PR.PT-1,AU-6 (5)
3697,PR.PT-1,AU-6 (6)
3698,PR.PT-1,AU-6 (7)
3699,PR.PT-1,AU-6 (8)
3700,PR.PT-1,AU-6 (9)
3701,PR.PT-1,AU-6a
3702,PR.PT-1,AU-6b
3704,PR.PT-1,AU-7 (1)
3705,PR.PT-1,AU-7 (2)
3706,PR.PT-1,AU-7a
3707,PR.PT-1,AU-7b
3709,PR.PT-1,AU-8 (1)(a)
3710,PR.PT-1,AU-8 (1)(b)
3711,PR.PT-1,AU-8 (2)
3712,PR.PT-1,AU-8a
3713,PR.PT-1,AU-8b
3714,PR.PT-1,AU-9
3715,PR.PT-1,AU-9 (1)
3716,PR.PT-1,AU-9 (2)
3717,PR.PT-1,AU-9 (3)
3718,PR.PT-1,AU-9 (4)
3719,PR.PT-1,AU-9 (5)
3720,PR.PT-1,AU-9 (6)
3721,PR.PT-2,MP-2
3723,PR.PT-2,MP-3a
3724,PR.PT-2,MP-3b
3726,PR.PT-2,MP-4 (2)
3727,PR.PT-2,MP-4a
3728,PR.PT-2,MP-4b
3730,PR.PT-2,MP-5 (3)
3731,PR.PT-2,MP-5 (4)
3732,PR.PT-2,MP-5a
3733,PR.PT-2,MP-5b
3734,PR.PT-2,MP-5c
3735,PR.PT-2,MP-5d
3736,PR.PT-2,MP-7
3737,PR.PT-2,MP-7 (1)
3738,PR.PT-2,MP-7 (2)
3740,PR.PT-2,MP-8 (1)
3741,PR.PT-2,MP-8 (2)
3742,PR.PT-2,MP-8 (3)
3743,PR.PT-2,MP-8 (4)
3744,PR.PT-2,MP-8a
3745,PR.PT-2,MP-8b
3746,PR.PT-2,MP-8c
3747,PR.PT-2,MP-8d
3748,PR.PT-3,AC-3
3749,PR.PT-3,AC-3 (10)
3750,PR.PT-3,AC-3 (2)
3751,PR.PT-3,AC-3 (3)(a)
3752,PR.PT-3,AC-3 (3)(b)(1)
3753,PR.PT-3,AC-3 (3)(b)(2)
3754,PR.PT-3,AC-3 (3)(b)(3)
3755,PR.PT-3,AC-3 (3)(b)(4)
3756,PR.PT-3,AC-3 (3)(b)(5)
3757,PR.PT-3,AC-3 (3)(c)
3758,PR.PT-3,AC-3 (4)(a)
3759,PR.PT-3,AC-3 (4)(b)
3760,PR.PT-3,AC-3 (4)(c)
3761,PR.PT-3,AC-3 (4)(d)
3762,PR.PT-3,AC-3 (4)(e)
3763,PR.PT-3,AC-3 (5)
3764,PR.PT-3,AC-3 (7)
3765,PR.PT-3,AC-3 (8)
3766,PR.PT-3,AC-3 (9)(a)
3767,PR.PT-3,AC-3 (9)(b)
3769,PR.PT-3,CM-7 (1)(a)
3770,PR.PT-3,CM-7 (1)(b)
3771,PR.PT-3,CM-7 (2)
3772,PR.PT-3,CM-7 (3)
3773,PR.PT-3,CM-7 (4)(a)
3774,PR.PT-3,CM-7 (4)(b)
3775,PR.PT-3,CM-7 (4)(c)
3776,PR.PT-3,CM-7 (5)(a)
3777,PR.PT-3,CM-7 (5)(b)
3778,PR.PT-3,CM-7 (5)(c)
3779,PR.PT-3,CM-7a
3780,PR.PT-3,CM-7b
3782,PR.PT-4,AC-17 (1)
3783,PR.PT-4,AC-17 (2)
3784,PR.PT-4,AC-17 (3)
3785,PR.PT-4,AC-17 (4)(a)
3786,PR.PT-4,AC-17 (4)(b)
3787,PR.PT-4,AC-17 (6)
3788,PR.PT-4,AC-17 (9)
3789,PR.PT-4,AC-17a.
3790,PR.PT-4,AC-17b.
3792,PR.PT-4,AC-18 (1)
3793,PR.PT-4,AC-18 (3)
3794,PR.PT-4,AC-18 (4)
3795,PR.PT-4,AC-18 (5)
3796,PR.PT-4,AC-18a.
3797,PR.PT-4,AC-18b.
3798,PR.PT-4,AC-4
3799,PR.PT-4,AC-4 (1)
3800,PR.PT-4,AC-4 (10)
3801,PR.PT-4,AC-4 (11)
3802,PR.PT-4,AC-4 (12)
3803,PR.PT-4,AC-4 (13)
3804,PR.PT-4,AC-4 (14)
3805,PR.PT-4,AC-4 (15)
3806,PR.PT-4,AC-4 (17)
3807,PR.PT-4,AC-4 (18)
3808,PR.PT-4,AC-4 (19)
3809,PR.PT-4,AC-4 (2)
3810,PR.PT-4,AC-4 (20)
3811,PR.PT-4,AC-4 (21)
3812,PR.PT-4,AC-4 (22)
3813,PR.PT-4,AC-4 (3)
3814,PR.PT-4,AC-4 (4)
3815,PR.PT-4,AC-4 (5)
3816,PR.PT-4,AC-4 (6)
3817,PR.PT-4,AC-4 (7)
3818,PR.PT-4,AC-4 (8)
3819,PR.PT-4,AC-4 (9)
3820,PR.PT-4,CP-8
3821,PR.PT-4,CP-8 (1)(a)
3822,PR.PT-4,CP-8 (1)(b)
3823,PR.PT-4,CP-8 (2)
3824,PR.PT-4,CP-8 (3)
3825,PR.PT-4,CP-8 (4)(a)
3826,PR.PT-4,CP-8 (4)(b)
3827,PR.PT-4,CP-8 (4)(c)
3828,PR.PT-4,CP-8 (5)
3830,PR.PT-4,SC-19a
3831,PR.PT-4,SC-19b
3833,PR.PT-4,SC-20 (2)
3834,PR.PT-4,SC-20a
3835,PR.PT-4,SC-20b
3836,PR.PT-4,SC-21
3837,PR.PT-4,SC-22
3838,PR.PT-4,SC-23
3839,PR.PT-4,SC-23 (1)
3840,PR.PT-4,SC-23 (3)
3841,PR.PT-4,SC-23 (5)
3842,PR.PT-4,SC-24
3843,PR.PT-4,SC-25
3844,PR.PT-4,SC-29
3845,PR.PT-4,SC-29 (1)
3846,PR.PT-4,SC-32
3847,PR.PT-4,SC-36
3848,PR.PT-4,SC-36 (1)
3849,PR.PT-4,SC-37
3850,PR.PT-4,SC-37 (1)
3851,PR.PT-4,SC-38
3852,PR.PT-4,SC-39
3853,PR.PT-4,SC-39 (1)
3854,PR.PT-4,SC-39 (2)
3855,PR.PT-4,SC-40
3856,PR.PT-4,SC-40 (1)
3857,PR.PT-4,SC-40 (2)
3858,PR.PT-4,SC-40 (3)
3859,PR.PT-4,SC-40 (4)
3860,PR.PT-4,SC-41
3862,PR.PT-4,SC-43a
3863,PR.PT-4,SC-43b
3865,PR.PT-4,SC-7 (10)
3866,PR.PT-4,SC-7 (11)
3867,PR.PT-4,SC-7 (12)
3868,PR.PT-4,SC-7 (13)
3869,PR.PT-4,SC-7 (14)
3870,PR.PT-4,SC-7 (15)
3871,PR.PT-4,SC-7 (16)
3872,PR.PT-4,SC-7 (17)
3873,PR.PT-4,SC-7 (18)
3874,PR.PT-4,SC-7 (19)
3875,PR.PT-4,SC-7 (20)
3876,PR.PT-4,SC-7 (21)
3877,PR.PT-4,SC-7 (22)
3878,PR.PT-4,SC-7 (23)
3879,PR.PT-4,SC-7 (3)
3880,PR.PT-4,SC-7 (4)(a)
3881,PR.PT-4,SC-7 (4)(b)
3882,PR.PT-4,SC-7 (4)(c)
3883,PR.PT-4,SC-7 (4)(d)
3884,PR.PT-4,SC-7 (4)(e)
3885,PR.PT-4,SC-7 (5)
3886,PR.PT-4,SC-7 (7)
3887,PR.PT-4,SC-7 (8)
3888,PR.PT-4,SC-7 (9)(a)
3889,PR.PT-4,SC-7 (9)(b)
3890,PR.PT-4,SC-7a
3891,PR.PT-4,SC-7b
3892,PR.PT-4,SC-7c
3893,PR.PT-5,CP-11
3894,PR.PT-5,CP-13
3896,PR.PT-5,CP-7 (1)
3897,PR.PT-5,CP-7 (2)
3898,PR.PT-5,CP-7 (3)
3899,PR.PT-5,CP-7 (4)
3900,PR.PT-5,CP-7 (6)
3901,PR.PT-5,CP-7a
3902,PR.PT-5,CP-7b
3903,PR.PT-5,CP-7c
3904,PR.PT-5,CP-8
3905,PR.PT-5,CP-8 (1)(a)
3906,PR.PT-5,CP-8 (1)(b)
3907,PR.PT-5,CP-8 (2)
3908,PR.PT-5,CP-8 (3)
3909,PR.PT-5,CP-8 (4)(a)
3910,PR.PT-5,CP-8 (4)(b)
3911,PR.PT-5,CP-8 (4)(c)
3912,PR.PT-5,CP-8 (5)
3914,PR.PT-5,PL-8 (1)(a)
3915,PR.PT-5,PL-8 (1)(b)
3916,PR.PT-5,PL-8 (2)
3917,PR.PT-5,PL-8a.1
3918,PR.PT-5,PL-8a.2
3919,PR.PT-5,PL-8a.3
3920,PR.PT-5,PL-8b
3921,PR.PT-5,PL-8c
3922,PR.PT-5,SA-14
3923,PR.PT-5,SC-6
3925,RC.CO-3,CP-2 (1)
3926,RC.CO-3,CP-2 (2)
3927,RC.CO-3,CP-2 (3)
3928,RC.CO-3,CP-2 (4)
3929,RC.CO-3,CP-2 (5)
3930,RC.CO-3,CP-2 (6)
3931,RC.CO-3,CP-2 (7)
3932,RC.CO-3,CP-2 (8)
3933,RC.CO-3,CP-2a.1
3934,RC.CO-3,CP-2a.2
3935,RC.CO-3,CP-2a.3
3936,RC.CO-3,CP-2a.4
3937,RC.CO-3,CP-2a.5
3938,RC.CO-3,CP-2a.6
3939,RC.CO-3,CP-2b
3940,RC.CO-3,CP-2c
3941,RC.CO-3,CP-2d
3942,RC.CO-3,CP-2e
3943,RC.CO-3,CP-2f
3944,RC.CO-3,CP-2g
3946,RC.CO-3,IR-4 (1)
3947,RC.CO-3,IR-4 (10)
3948,RC.CO-3,IR-4 (2)
3949,RC.CO-3,IR-4 (3)
3950,RC.CO-3,IR-4 (4)
3951,RC.CO-3,IR-4 (5)
3952,RC.CO-3,IR-4 (6)
3953,RC.CO-3,IR-4 (7)
3954,RC.CO-3,IR-4 (8)
3955,RC.CO-3,IR-4 (9)
3956,RC.CO-3,IR-4a
3957,RC.CO-3,IR-4b
3958,RC.CO-3,IR-4c
3960,RC.IM-1,CP-2 (1)
3961,RC.IM-1,CP-2 (2)
3962,RC.IM-1,CP-2 (3)
3963,RC.IM-1,CP-2 (4)
3964,RC.IM-1,CP-2 (5)
3965,RC.IM-1,CP-2 (6)
3966,RC.IM-1,CP-2 (7)
3967,RC.IM-1,CP-2 (8)
3968,RC.IM-1,CP-2a.1
3969,RC.IM-1,CP-2a.2
3970,RC.IM-1,CP-2a.3
3971,RC.IM-1,CP-2a.4
3972,RC.IM-1,CP-2a.5
3973,RC.IM-1,CP-2a.6
3974,RC.IM-1,CP-2b
3975,RC.IM-1,CP-2c
3976,RC.IM-1,CP-2d
3977,RC.IM-1,CP-2e
3978,RC.IM-1,CP-2f
3979,RC.IM-1,CP-2g
3981,RC.IM-1,IR-4 (1)
3982,RC.IM-1,IR-4 (10)
3983,RC.IM-1,IR-4 (2)
3984,RC.IM-1,IR-4 (3)
3985,RC.IM-1,IR-4 (4)
3986,RC.IM-1,IR-4 (5)
3987,RC.IM-1,IR-4 (6)
3988,RC.IM-1,IR-4 (7)
3989,RC.IM-1,IR-4 (8)
3990,RC.IM-1,IR-4 (9)
3991,RC.IM-1,IR-4a
3992,RC.IM-1,IR-4b
3993,RC.IM-1,IR-4c
3995,RC.IM-1,IR-8a.1
3996,RC.IM-1,IR-8a.2
3997,RC.IM-1,IR-8a.3
3998,RC.IM-1,IR-8a.4
3999,RC.IM-1,IR-8a.5
4000,RC.IM-1,IR-8a.6
4001,RC.IM-1,IR-8a.7
4002,RC.IM-1,IR-8a.8
4003,RC.IM-1,IR-8b
4004,RC.IM-1,IR-8c
4005,RC.IM-1,IR-8d
4006,RC.IM-1,IR-8e
4007,RC.IM-1,IR-8f
4009,RC.IM-2,CP-2 (1)
4010,RC.IM-2,CP-2 (2)
4011,RC.IM-2,CP-2 (3)
4012,RC.IM-2,CP-2 (4)
4013,RC.IM-2,CP-2 (5)
4014,RC.IM-2,CP-2 (6)
4015,RC.IM-2,CP-2 (7)
4016,RC.IM-2,CP-2 (8)
4017,RC.IM-2,CP-2a.1
4018,RC.IM-2,CP-2a.2
4019,RC.IM-2,CP-2a.3
4020,RC.IM-2,CP-2a.4
4021,RC.IM-2,CP-2a.5
4022,RC.IM-2,CP-2a.6
4023,RC.IM-2,CP-2b
4024,RC.IM-2,CP-2c
4025,RC.IM-2,CP-2d
4026,RC.IM-2,CP-2e
4027,RC.IM-2,CP-2f
4028,RC.IM-2,CP-2g
4030,RC.IM-2,IR-4 (1)
4031,RC.IM-2,IR-4 (10)
4032,RC.IM-2,IR-4 (2)
4033,RC.IM-2,IR-4 (3)
4034,RC.IM-2,IR-4 (4)
4035,RC.IM-2,IR-4 (5)
4036,RC.IM-2,IR-4 (6)
4037,RC.IM-2,IR-4 (7)
4038,RC.IM-2,IR-4 (8)
4039,RC.IM-2,IR-4 (9)
4040,RC.IM-2,IR-4a
4041,RC.IM-2,IR-4b
4042,RC.IM-2,IR-4c
4044,RC.IM-2,IR-8a.1
4045,RC.IM-2,IR-8a.2
4046,RC.IM-2,IR-8a.3
4047,RC.IM-2,IR-8a.4
4048,RC.IM-2,IR-8a.5
4049,RC.IM-2,IR-8a.6
4050,RC.IM-2,IR-8a.7
4051,RC.IM-2,IR-8a.8
4052,RC.IM-2,IR-8b
4053,RC.IM-2,IR-8c
4054,RC.IM-2,IR-8d
4055,RC.IM-2,IR-8e
4056,RC.IM-2,IR-8f
4057,RC.RP-1,CP-10
4058,RC.RP-1,CP-10 (2)
4059,RC.RP-1,CP-10 (4)
4060,RC.RP-1,CP-10 (6)
4062,RC.RP-1,IR-4 (1)
4063,RC.RP-1,IR-4 (10)
4064,RC.RP-1,IR-4 (2)
4065,RC.RP-1,IR-4 (3)
4066,RC.RP-1,IR-4 (4)
4067,RC.RP-1,IR-4 (5)
4068,RC.RP-1,IR-4 (6)
4069,RC.RP-1,IR-4 (7)
4070,RC.RP-1,IR-4 (8)
4071,RC.RP-1,IR-4 (9)
4072,RC.RP-1,IR-4a
4073,RC.RP-1,IR-4b
4074,RC.RP-1,IR-4c
4076,RC.RP-1,IR-8a.1
4077,RC.RP-1,IR-8a.2
4078,RC.RP-1,IR-8a.3
4079,RC.RP-1,IR-8a.4
4080,RC.RP-1,IR-8a.5
4081,RC.RP-1,IR-8a.6
4082,RC.RP-1,IR-8a.7
4083,RC.RP-1,IR-8a.8
4084,RC.RP-1,IR-8b
4085,RC.RP-1,IR-8c
4086,RC.RP-1,IR-8d
4087,RC.RP-1,IR-8e
4088,RC.RP-1,IR-8f
4090,RS.AN-1,AU-6 (1)
4091,RS.AN-1,AU-6 (10)
4092,RS.AN-1,AU-6 (3)
4093,RS.AN-1,AU-6 (4)
4094,RS.AN-1,AU-6 (5)
4095,RS.AN-1,AU-6 (6)
4096,RS.AN-1,AU-6 (7)
4097,RS.AN-1,AU-6 (8)
4098,RS.AN-1,AU-6 (9)
4099,RS.AN-1,AU-6a
4100,RS.AN-1,AU-6b
4102,RS.AN-1,CA-7 (1)
4103,RS.AN-1,CA-7 (3)
4104,RS.AN-1,CA-7a
4105,RS.AN-1,CA-7b
4106,RS.AN-1,CA-7c
4107,RS.AN-1,CA-7d
4108,RS.AN-1,CA-7e
4109,RS.AN-1,CA-7f
4110,RS.AN-1,CA-7g
4112,RS.AN-1,IR-4 (1)
4113,RS.AN-1,IR-4 (10)
4114,RS.AN-1,IR-4 (2)
4115,RS.AN-1,IR-4 (3)
4116,RS.AN-1,IR-4 (4)
4117,RS.AN-1,IR-4 (5)
4118,RS.AN-1,IR-4 (6)
4119,RS.AN-1,IR-4 (7)
4120,RS.AN-1,IR-4 (8)
4121,RS.AN-1,IR-4 (9)
4122,RS.AN-1,IR-4a
4123,RS.AN-1,IR-4b
4124,RS.AN-1,IR-4c
4125,RS.AN-1,IR-5
4126,RS.AN-1,IR-5 (1)
4128,RS.AN-1,PE-6 (1)
4129,RS.AN-1,PE-6 (2)
4130,RS.AN-1,PE-6 (3)
4131,RS.AN-1,PE-6 (4)
4132,RS.AN-1,PE-6a
4133,RS.AN-1,PE-6b
4134,RS.AN-1,PE-6c
4136,RS.AN-1,SI-4 (1)
4137,RS.AN-1,SI-4 (10)
4138,RS.AN-1,SI-4 (11)
4139,RS.AN-1,SI-4 (12)
4140,RS.AN-1,SI-4 (13)(a)
4141,RS.AN-1,SI-4 (13)(b)
4142,RS.AN-1,SI-4 (13)(c)
4143,RS.AN-1,SI-4 (14)
4144,RS.AN-1,SI-4 (15)
4145,RS.AN-1,SI-4 (16)
4146,RS.AN-1,SI-4 (17)
4147,RS.AN-1,SI-4 (18)
4148,RS.AN-1,SI-4 (19)
4149,RS.AN-1,SI-4 (2)
4150,RS.AN-1,SI-4 (20)
4151,RS.AN-1,SI-4 (21)
4152,RS.AN-1,SI-4 (22)
4153,RS.AN-1,SI-4 (23)
4154,RS.AN-1,SI-4 (24)
4155,RS.AN-1,SI-4 (3)
4156,RS.AN-1,SI-4 (4)
4157,RS.AN-1,SI-4 (5)
4158,RS.AN-1,SI-4 (7)
4159,RS.AN-1,SI-4 (9)
4160,RS.AN-1,SI-4a.1
4161,RS.AN-1,SI-4a.2
4162,RS.AN-1,SI-4b
4163,RS.AN-1,SI-4c.1
4164,RS.AN-1,SI-4c.2
4165,RS.AN-1,SI-4d
4166,RS.AN-1,SI-4e
4167,RS.AN-1,SI-4f
4168,RS.AN-1,SI-4g
4170,RS.AN-2,CP-2 (1)
4171,RS.AN-2,CP-2 (2)
4172,RS.AN-2,CP-2 (3)
4173,RS.AN-2,CP-2 (4)
4174,RS.AN-2,CP-2 (5)
4175,RS.AN-2,CP-2 (6)
4176,RS.AN-2,CP-2 (7)
4177,RS.AN-2,CP-2 (8)
4178,RS.AN-2,CP-2a.1
4179,RS.AN-2,CP-2a.2
4180,RS.AN-2,CP-2a.3
4181,RS.AN-2,CP-2a.4
4182,RS.AN-2,CP-2a.5
4183,RS.AN-2,CP-2a.6
4184,RS.AN-2,CP-2b
4185,RS.AN-2,CP-2c
4186,RS.AN-2,CP-2d
4187,RS.AN-2,CP-2e
4188,RS.AN-2,CP-2f
4189,RS.AN-2,CP-2g
4191,RS.AN-2,IR-4 (1)
4192,RS.AN-2,IR-4 (10)
4193,RS.AN-2,IR-4 (2)
4194,RS.AN-2,IR-4 (3)
4195,RS.AN-2,IR-4 (4)
4196,RS.AN-2,IR-4 (5)
4197,RS.AN-2,IR-4 (6)
4198,RS.AN-2,IR-4 (7)
4199,RS.AN-2,IR-4 (8)
4200,RS.AN-2,IR-4 (9)
4201,RS.AN-2,IR-4a
4202,RS.AN-2,IR-4b
4203,RS.AN-2,IR-4c
4205,RS.AN-3,AU-7 (1)
4206,RS.AN-3,AU-7 (2)
4207,RS.AN-3,AU-7a
4208,RS.AN-3,AU-7b
4210,RS.AN-3,IR-4 (1)
4211,RS.AN-3,IR-4 (10)
4212,RS.AN-3,IR-4 (2)
4213,RS.AN-3,IR-4 (3)
4214,RS.AN-3,IR-4 (4)
4215,RS.AN-3,IR-4 (5)
4216,RS.AN-3,IR-4 (6)
4217,RS.AN-3,IR-4 (7)
4218,RS.AN-3,IR-4 (8)
4219,RS.AN-3,IR-4 (9)
4220,RS.AN-3,IR-4a
4221,RS.AN-3,IR-4b
4222,RS.AN-3,IR-4c
4224,RS.AN-4,CP-2 (1)
4225,RS.AN-4,CP-2 (2)
4226,RS.AN-4,CP-2 (3)
4227,RS.AN-4,CP-2 (4)
4228,RS.AN-4,CP-2 (5)
4229,RS.AN-4,CP-2 (6)
4230,RS.AN-4,CP-2 (7)
4231,RS.AN-4,CP-2 (8)
4232,RS.AN-4,CP-2a.1
4233,RS.AN-4,CP-2a.2
4234,RS.AN-4,CP-2a.3
4235,RS.AN-4,CP-2a.4
4236,RS.AN-4,CP-2a.5
4237,RS.AN-4,CP-2a.6
4238,RS.AN-4,CP-2b
4239,RS.AN-4,CP-2c
4240,RS.AN-4,CP-2d
4241,RS.AN-4,CP-2e
4242,RS.AN-4,CP-2f
4243,RS.AN-4,CP-2g
4245,RS.AN-4,IR-4 (1)
4246,RS.AN-4,IR-4 (10)
4247,RS.AN-4,IR-4 (2)
4248,RS.AN-4,IR-4 (3)
4249,RS.AN-4,IR-4 (4)
4250,RS.AN-4,IR-4 (5)
4251,RS.AN-4,IR-4 (6)
4252,RS.AN-4,IR-4 (7)
4253,RS.AN-4,IR-4 (8)
4254,RS.AN-4,IR-4 (9)
4255,RS.AN-4,IR-4a
4256,RS.AN-4,IR-4b
4257,RS.AN-4,IR-4c
4258,RS.AN-4,IR-5
4259,RS.AN-4,IR-5 (1)
4261,RS.AN-4,IR-8a.1
4262,RS.AN-4,IR-8a.2
4263,RS.AN-4,IR-8a.3
4264,RS.AN-4,IR-8a.4
4265,RS.AN-4,IR-8a.5
4266,RS.AN-4,IR-8a.6
4267,RS.AN-4,IR-8a.7
4268,RS.AN-4,IR-8a.8
4269,RS.AN-4,IR-8b
4270,RS.AN-4,IR-8c
4271,RS.AN-4,IR-8d
4272,RS.AN-4,IR-8e
4273,RS.AN-4,IR-8f
4275,RS.AN-5,PM-15a
4276,RS.AN-5,PM-15b
4277,RS.AN-5,PM-15c
4279,RS.AN-5,SI-5 (1)
4280,RS.AN-5,SI-5a
4281,RS.AN-5,SI-5b
4282,RS.AN-5,SI-5c
4283,RS.AN-5,SI-5d
4285,RS.CO-1,CP-2 (1)
4286,RS.CO-1,CP-2 (2)
4287,RS.CO-1,CP-2 (3)
4288,RS.CO-1,CP-2 (4)
4289,RS.CO-1,CP-2 (5)
4290,RS.CO-1,CP-2 (6)
4291,RS.CO-1,CP-2 (7)
4292,RS.CO-1,CP-2 (8)
4293,RS.CO-1,CP-2a.1
4294,RS.CO-1,CP-2a.2
4295,RS.CO-1,CP-2a.3
4296,RS.CO-1,CP-2a.4
4297,RS.CO-1,CP-2a.5
4298,RS.CO-1,CP-2a.6
4299,RS.CO-1,CP-2b
4300,RS.CO-1,CP-2c
4301,RS.CO-1,CP-2d
4302,RS.CO-1,CP-2e
4303,RS.CO-1,CP-2f
4304,RS.CO-1,CP-2g
4305,RS.CO-1,CP-3
4306,RS.CO-1,CP-3 (1)
4307,RS.CO-1,CP-3 (2)
4308,RS.CO-1,CP-3a
4309,RS.CO-1,CP-3b
4310,RS.CO-1,CP-3c
4311,RS.CO-1,IR-3
4312,RS.CO-1,IR-3 (1)
4313,RS.CO-1,IR-3 (2)
4315,RS.CO-1,IR-8a.1
4316,RS.CO-1,IR-8a.2
4317,RS.CO-1,IR-8a.3
4318,RS.CO-1,IR-8a.4
4319,RS.CO-1,IR-8a.5
4320,RS.CO-1,IR-8a.6
4321,RS.CO-1,IR-8a.7
4322,RS.CO-1,IR-8a.8
4323,RS.CO-1,IR-8b
4324,RS.CO-1,IR-8c
4325,RS.CO-1,IR-8d
4326,RS.CO-1,IR-8e
4327,RS.CO-1,IR-8f
4329,RS.CO-2,AU-6 (1)
4330,RS.CO-2,AU-6 (10)
4331,RS.CO-2,AU-6 (3)
4332,RS.CO-2,AU-6 (4)
4333,RS.CO-2,AU-6 (5)
4334,RS.CO-2,AU-6 (6)
4335,RS.CO-2,AU-6 (7)
4336,RS.CO-2,AU-6 (8)
4337,RS.CO-2,AU-6 (9)
4338,RS.CO-2,AU-6a
4339,RS.CO-2,AU-6b
4341,RS.CO-2,IR-6 (1)
4342,RS.CO-2,IR-6 (2)
4343,RS.CO-2,IR-6 (3)
4344,RS.CO-2,IR-6a
4345,RS.CO-2,IR-6b
4347,RS.CO-2,IR-8a.1
4348,RS.CO-2,IR-8a.2
4349,RS.CO-2,IR-8a.3
4350,RS.CO-2,IR-8a.4
4351,RS.CO-2,IR-8a.5
4352,RS.CO-2,IR-8a.6
4353,RS.CO-2,IR-8a.7
4354,RS.CO-2,IR-8a.8
4355,RS.CO-2,IR-8b
4356,RS.CO-2,IR-8c
4357,RS.CO-2,IR-8d
4358,RS.CO-2,IR-8e
4359,RS.CO-2,IR-8f
4361,RS.CO-3,CA-2 (1)
4362,RS.CO-3,CA-2 (2)
4363,RS.CO-3,CA-2 (3)
4364,RS.CO-3,CA-2a.1
4365,RS.CO-3,CA-2a.2
4366,RS.CO-3,CA-2a.3
4367,RS.CO-3,CA-2b
4368,RS.CO-3,CA-2c
4369,RS.CO-3,CA-2d
4371,RS.CO-3,CA-7 (1)
4372,RS.CO-3,CA-7 (3)
4373,RS.CO-3,CA-7a
4374,RS.CO-3,CA-7b
4375,RS.CO-3,CA-7c
4376,RS.CO-3,CA-7d
4377,RS.CO-3,CA-7e
4378,RS.CO-3,CA-7f
4379,RS.CO-3,CA-7g
4381,RS.CO-3,CP-2 (1)
4382,RS.CO-3,CP-2 (2)
4383,RS.CO-3,CP-2 (3)
4384,RS.CO-3,CP-2 (4)
4385,RS.CO-3,CP-2 (5)
4386,RS.CO-3,CP-2 (6)
4387,RS.CO-3,CP-2 (7)
4388,RS.CO-3,CP-2 (8)
4389,RS.CO-3,CP-2a.1
4390,RS.CO-3,CP-2a.2
4391,RS.CO-3,CP-2a.3
4392,RS.CO-3,CP-2a.4
4393,RS.CO-3,CP-2a.5
4394,RS.CO-3,CP-2a.6
4395,RS.CO-3,CP-2b
4396,RS.CO-3,CP-2c
4397,RS.CO-3,CP-2d
4398,RS.CO-3,CP-2e
4399,RS.CO-3,CP-2f
4400,RS.CO-3,CP-2g
4402,RS.CO-3,IR-4 (1)
4403,RS.CO-3,IR-4 (10)
4404,RS.CO-3,IR-4 (2)
4405,RS.CO-3,IR-4 (3)
4406,RS.CO-3,IR-4 (4)
4407,RS.CO-3,IR-4 (5)
4408,RS.CO-3,IR-4 (6)
4409,RS.CO-3,IR-4 (7)
4410,RS.CO-3,IR-4 (8)
4411,RS.CO-3,IR-4 (9)
4412,RS.CO-3,IR-4a
4413,RS.CO-3,IR-4b
4414,RS.CO-3,IR-4c
4416,RS.CO-3,IR-8a.1
4417,RS.CO-3,IR-8a.2
4418,RS.CO-3,IR-8a.3
4419,RS.CO-3,IR-8a.4
4420,RS.CO-3,IR-8a.5
4421,RS.CO-3,IR-8a.6
4422,RS.CO-3,IR-8a.7
4423,RS.CO-3,IR-8a.8
4424,RS.CO-3,IR-8b
4425,RS.CO-3,IR-8c
4426,RS.CO-3,IR-8d
4427,RS.CO-3,IR-8e
4428,RS.CO-3,IR-8f
4430,RS.CO-3,PE-6 (1)
4431,RS.CO-3,PE-6 (2)
4432,RS.CO-3,PE-6 (3)
4433,RS.CO-3,PE-6 (4)
4434,RS.CO-3,PE-6a
4435,RS.CO-3,PE-6b
4436,RS.CO-3,PE-6c
4438,RS.CO-3,RA-5 (1)
4439,RS.CO-3,RA-5 (10)
4440,RS.CO-3,RA-5 (2)
4441,RS.CO-3,RA-5 (3)
4442,RS.CO-3,RA-5 (4)
4443,RS.CO-3,RA-5 (5)
4444,RS.CO-3,RA-5 (6)
4445,RS.CO-3,RA-5 (8)
4446,RS.CO-3,RA-5a
4447,RS.CO-3,RA-5b.1
4448,RS.CO-3,RA-5b.2
4449,RS.CO-3,RA-5b.3
4450,RS.CO-3,RA-5c
4451,RS.CO-3,RA-5d
4452,RS.CO-3,RA-5e
4454,RS.CO-3,SI-4 (1)
4455,RS.CO-3,SI-4 (10)
4456,RS.CO-3,SI-4 (11)
4457,RS.CO-3,SI-4 (12)
4458,RS.CO-3,SI-4 (13)(a)
4459,RS.CO-3,SI-4 (13)(b)
4460,RS.CO-3,SI-4 (13)(c)
4461,RS.CO-3,SI-4 (14)
4462,RS.CO-3,SI-4 (15)
4463,RS.CO-3,SI-4 (16)
4464,RS.CO-3,SI-4 (17)
4465,RS.CO-3,SI-4 (18)
4466,RS.CO-3,SI-4 (19)
4467,RS.CO-3,SI-4 (2)
4468,RS.CO-3,SI-4 (20)
4469,RS.CO-3,SI-4 (21)
4470,RS.CO-3,SI-4 (22)
4471,RS.CO-3,SI-4 (23)
4472,RS.CO-3,SI-4 (24)
4473,RS.CO-3,SI-4 (3)
4474,RS.CO-3,SI-4 (4)
4475,RS.CO-3,SI-4 (5)
4476,RS.CO-3,SI-4 (7)
4477,RS.CO-3,SI-4 (9)
4478,RS.CO-3,SI-4a.1
4479,RS.CO-3,SI-4a.2
4480,RS.CO-3,SI-4b
4481,RS.CO-3,SI-4c.1
4482,RS.CO-3,SI-4c.2
4483,RS.CO-3,SI-4d
4484,RS.CO-3,SI-4e
4485,RS.CO-3,SI-4f
4486,RS.CO-3,SI-4g
4488,RS.CO-4,CP-2 (1)
4489,RS.CO-4,CP-2 (2)
4490,RS.CO-4,CP-2 (3)
4491,RS.CO-4,CP-2 (4)
4492,RS.CO-4,CP-2 (5)
4493,RS.CO-4,CP-2 (6)
4494,RS.CO-4,CP-2 (7)
4495,RS.CO-4,CP-2 (8)
4496,RS.CO-4,CP-2a.1
4497,RS.CO-4,CP-2a.2
4498,RS.CO-4,CP-2a.3
4499,RS.CO-4,CP-2a.4
4500,RS.CO-4,CP-2a.5
4501,RS.CO-4,CP-2a.6
4502,RS.CO-4,CP-2b
4503,RS.CO-4,CP-2c
4504,RS.CO-4,CP-2d
4505,RS.CO-4,CP-2e
4506,RS.CO-4,CP-2f
4507,RS.CO-4,CP-2g
4509,RS.CO-4,IR-4 (1)
4510,RS.CO-4,IR-4 (10)
4511,RS.CO-4,IR-4 (2)
4512,RS.CO-4,IR-4 (3)
4513,RS.CO-4,IR-4 (4)
4514,RS.CO-4,IR-4 (5)
4515,RS.CO-4,IR-4 (6)
4516,RS.CO-4,IR-4 (7)
4517,RS.CO-4,IR-4 (8)
4518,RS.CO-4,IR-4 (9)
4519,RS.CO-4,IR-4a
4520,RS.CO-4,IR-4b
4521,RS.CO-4,IR-4c
4523,RS.CO-4,IR-8a.1
4524,RS.CO-4,IR-8a.2
4525,RS.CO-4,IR-8a.3
4526,RS.CO-4,IR-8a.4
4527,RS.CO-4,IR-8a.5
4528,RS.CO-4,IR-8a.6
4529,RS.CO-4,IR-8a.7
4530,RS.CO-4,IR-8a.8
4531,RS.CO-4,IR-8b
4532,RS.CO-4,IR-8c
4533,RS.CO-4,IR-8d
4534,RS.CO-4,IR-8e
4535,RS.CO-4,IR-8f
4537,RS.CO-5,PM-15a
4538,RS.CO-5,PM-15b
4539,RS.CO-5,PM-15c
4541,RS.CO-5,SI-5 (1)
4542,RS.CO-5,SI-5a
4543,RS.CO-5,SI-5b
4544,RS.CO-5,SI-5c
4545,RS.CO-5,SI-5d
4547,RS.IM-1,CP-2 (1)
4548,RS.IM-1,CP-2 (2)
4549,RS.IM-1,CP-2 (3)
4550,RS.IM-1,CP-2 (4)
4551,RS.IM-1,CP-2 (5)
4552,RS.IM-1,CP-2 (6)
4553,RS.IM-1,CP-2 (7)
4554,RS.IM-1,CP-2 (8)
4555,RS.IM-1,CP-2a.1
4556,RS.IM-1,CP-2a.2
4557,RS.IM-1,CP-2a.3
4558,RS.IM-1,CP-2a.4
4559,RS.IM-1,CP-2a.5
4560,RS.IM-1,CP-2a.6
4561,RS.IM-1,CP-2b
4562,RS.IM-1,CP-2c
4563,RS.IM-1,CP-2d
4564,RS.IM-1,CP-2e
4565,RS.IM-1,CP-2f
4566,RS.IM-1,CP-2g
4568,RS.IM-1,IR-4 (1)
4569,RS.IM-1,IR-4 (10)
4570,RS.IM-1,IR-4 (2)
4571,RS.IM-1,IR-4 (3)
4572,RS.IM-1,IR-4 (4)
4573,RS.IM-1,IR-4 (5)
4574,RS.IM-1,IR-4 (6)
4575,RS.IM-1,IR-4 (7)
4576,RS.IM-1,IR-4 (8)
4577,RS.IM-1,IR-4 (9)
4578,RS.IM-1,IR-4a
4579,RS.IM-1,IR-4b
4580,RS.IM-1,IR-4c
4582,RS.IM-1,IR-8a.1
4583,RS.IM-1,IR-8a.2
4584,RS.IM-1,IR-8a.3
4585,RS.IM-1,IR-8a.4
4586,RS.IM-1,IR-8a.5
4587,RS.IM-1,IR-8a.6
4588,RS.IM-1,IR-8a.7
4589,RS.IM-1,IR-8a.8
4590,RS.IM-1,IR-8b
4591,RS.IM-1,IR-8c
4592,RS.IM-1,IR-8d
4593,RS.IM-1,IR-8e
4594,RS.IM-1,IR-8f
4596,RS.IM-2,CP-2 (1)
4597,RS.IM-2,CP-2 (2)
4598,RS.IM-2,CP-2 (3)
4599,RS.IM-2,CP-2 (4)
4600,RS.IM-2,CP-2 (5)
4601,RS.IM-2,CP-2 (6)
4602,RS.IM-2,CP-2 (7)
4603,RS.IM-2,CP-2 (8)
4604,RS.IM-2,CP-2a.1
4605,RS.IM-2,CP-2a.2
4606,RS.IM-2,CP-2a.3
4607,RS.IM-2,CP-2a.4
4608,RS.IM-2,CP-2a.5
4609,RS.IM-2,CP-2a.6
4610,RS.IM-2,CP-2b
4611,RS.IM-2,CP-2c
4612,RS.IM-2,CP-2d
4613,RS.IM-2,CP-2e
4614,RS.IM-2,CP-2f
4615,RS.IM-2,CP-2g
4617,RS.IM-2,IR-4 (1)
4618,RS.IM-2,IR-4 (10)
4619,RS.IM-2,IR-4 (2)
4620,RS.IM-2,IR-4 (3)
4621,RS.IM-2,IR-4 (4)
4622,RS.IM-2,IR-4 (5)
4623,RS.IM-2,IR-4 (6)
4624,RS.IM-2,IR-4 (7)
4625,RS.IM-2,IR-4 (8)
4626,RS.IM-2,IR-4 (9)
4627,RS.IM-2,IR-4a
4628,RS.IM-2,IR-4b
4629,RS.IM-2,IR-4c
4631,RS.IM-2,IR-8a.1
4632,RS.IM-2,IR-8a.2
4633,RS.IM-2,IR-8a.3
4634,RS.IM-2,IR-8a.4
4635,RS.IM-2,IR-8a.5
4636,RS.IM-2,IR-8a.6
4637,RS.IM-2,IR-8a.7
4638,RS.IM-2,IR-8a.8
4639,RS.IM-2,IR-8b
4640,RS.IM-2,IR-8c
4641,RS.IM-2,IR-8d
4642,RS.IM-2,IR-8e
4643,RS.IM-2,IR-8f
4645,RS.MI-1,IR-4 (1)
4646,RS.MI-1,IR-4 (10)
4647,RS.MI-1,IR-4 (2)
4648,RS.MI-1,IR-4 (3)
4649,RS.MI-1,IR-4 (4)
4650,RS.MI-1,IR-4 (5)
4651,RS.MI-1,IR-4 (6)
4652,RS.MI-1,IR-4 (7)
4653,RS.MI-1,IR-4 (8)
4654,RS.MI-1,IR-4 (9)
4655,RS.MI-1,IR-4a
4656,RS.MI-1,IR-4b
4657,RS.MI-1,IR-4c
4659,RS.MI-2,IR-4 (1)
4660,RS.MI-2,IR-4 (10)
4661,RS.MI-2,IR-4 (2)
4662,RS.MI-2,IR-4 (3)
4663,RS.MI-2,IR-4 (4)
4664,RS.MI-2,IR-4 (5)
4665,RS.MI-2,IR-4 (6)
4666,RS.MI-2,IR-4 (7)
4667,RS.MI-2,IR-4 (8)
4668,RS.MI-2,IR-4 (9)
4669,RS.MI-2,IR-4a
4670,RS.MI-2,IR-4b
4671,RS.MI-2,IR-4c
4673,RS.MI-3,CA-7 (1)
4674,RS.MI-3,CA-7 (3)
4675,RS.MI-3,CA-7a
4676,RS.MI-3,CA-7b
4677,RS.MI-3,CA-7c
4678,RS.MI-3,CA-7d
4679,RS.MI-3,CA-7e
4680,RS.MI-3,CA-7f
4681,RS.MI-3,CA-7g
4683,RS.MI-3,RA-3a
4684,RS.MI-3,RA-3b
4685,RS.MI-3,RA-3c
4686,RS.MI-3,RA-3d
4687,RS.MI-3,RA-3e
4689,RS.MI-3,RA-5 (1)
4690,RS.MI-3,RA-5 (10)
4691,RS.MI-3,RA-5 (2)
4692,RS.MI-3,RA-5 (3)
4693,RS.MI-3,RA-5 (4)
4694,RS.MI-3,RA-5 (5)
4695,RS.MI-3,RA-5 (6)
4696,RS.MI-3,RA-5 (8)
4697,RS.MI-3,RA-5a
4698,RS.MI-3,RA-5b.1
4699,RS.MI-3,RA-5b.2
4700,RS.MI-3,RA-5b.3
4701,RS.MI-3,RA-5c
4702,RS.MI-3,RA-5d
4703,RS.MI-3,RA-5e
4704,RS.RP-1,CP-10
4705,RS.RP-1,CP-10 (2)
4706,RS.RP-1,CP-10 (4)
4707,RS.RP-1,CP-10 (6)
4709,RS.RP-1,CP-2 (1)
4710,RS.RP-1,CP-2 (2)
4711,RS.RP-1,CP-2 (3)
4712,RS.RP-1,CP-2 (4)
4713,RS.RP-1,CP-2 (5)
4714,RS.RP-1,CP-2 (6)
4715,RS.RP-1,CP-2 (7)
4716,RS.RP-1,CP-2 (8)
4717,RS.RP-1,CP-2a.1
4718,RS.RP-1,CP-2a.2
4719,RS.RP-1,CP-2a.3
4720,RS.RP-1,CP-2a.4
4721,RS.RP-1,CP-2a.5
4722,RS.RP-1,CP-2a.6
4723,RS.RP-1,CP-2b
4724,RS.RP-1,CP-2c
4725,RS.RP-1,CP-2d
4726,RS.RP-1,CP-2e
4727,RS.RP-1,CP-2f
4728,RS.RP-1,CP-2g
4730,RS.RP-1,IR-4 (1)
4731,RS.RP-1,IR-4 (10)
4732,RS.RP-1,IR-4 (2)
4733,RS.RP-1,IR-4 (3)
4734,RS.RP-1,IR-4 (4)
4735,RS.RP-1,IR-4 (5)
4736,RS.RP-1,IR-4 (6)
4737,RS.RP-1,IR-4 (7)
4738,RS.RP-1,IR-4 (8)
4739,RS.RP-1,IR-4 (9)
4740,RS.RP-1,IR-4a
4741,RS.RP-1,IR-4b
4742,RS.RP-1,IR-4c
4744,RS.RP-1,IR-8a.1
4745,RS.RP-1,IR-8a.2
4746,RS.RP-1,IR-8a.3
4747,RS.RP-1,IR-8a.4
4748,RS.RP-1,IR-8a.5
4749,RS.RP-1,IR-8a.6
4750,RS.RP-1,IR-8a.7
4751,RS.RP-1,IR-8a.8
4752,RS.RP-1,IR-8b
4753,RS.RP-1,IR-8c
4754,RS.RP-1,IR-8d
4755,RS.RP-1,IR-8e
4756,RS.RP-1,IR-8f